1002.0	360172.0	2.0	21.2203	21.5607	2.0	2.0
1002.0	360172.0	7.0	21.9131	21.3305	2.0	2.0
1002.0	360172.0	24.0	13.0856	7.82114	1.0	2.0
1002.0	360172.0	29.0	22.5155	16.2936	2.0	2.0
1002.0	360172.0	54.0	22.8724	18.148	2.0	2.0
1002.0	360172.0	56.0	24.0211	21.3642	2.0	2.0
1002.0	360172.0	86.0	20.0094	22.6021	2.0	2.0
1002.0	360172.0	104.0	12.5066	9.46922	1.0	2.0
1002.0	360172.0	112.0	21.4549	18.7161	2.0	2.0
1002.0	360172.0	113.0	19.7716	17.2849	2.0	2.0
1002.0	360172.0	129.0	22.1945	17.7642	2.0	2.0
1002.0	360172.0	209.0	22.0556	19.419	2.0	2.0
1002.0	360172.0	222.0	21.2644	20.3752	2.0	2.0
1002.0	360172.0	229.0	18.9592	20.4743	2.0	2.0
1002.0	360172.0	233.0	20.8163	22.3759	2.0	2.0
1002.0	360172.0	242.0	20.1426	17.874	2.0	2.0
1002.0	360172.0	250.0	21.3214	19.7564	2.0	2.0
1002.0	360172.0	251.0	19.6858	21.3935	2.0	2.0
1002.0	360172.0	260.0	24.8775	21.9129	2.0	2.0
1002.0	360172.0	270.0	21.7844	22.2429	2.0	2.0
1002.0	360172.0	276.0	19.6681	18.6377	2.0	2.0
1002.0	360172.0	281.0	17.7873	14.8233	2.0	2.0
1002.0	360172.0	293.0	17.9532	15.7054	2.0	2.0
1002.0	360172.0	294.0	17.8865	14.9171	1.0	2.0
1002.0	360172.0	301.0	23.6392	19.9196	2.0	2.0
1002.0	360172.0	331.0	23.4787	20.4653	2.0	2.0
1002.0	360172.0	346.0	23.9725	20.4694	2.0	2.0
1002.0	360172.0	358.0	22.8805	22.0105	2.0	2.0
1002.0	360172.0	363.0	20.5627	21.7881	2.0	2.0
1002.0	360172.0	367.0	20.3792	17.434	2.0	2.0
1002.0	360172.0	369.0	20.311	17.33	2.0	2.0
1002.0	360172.0	378.0	24.9438	22.0891	2.0	2.0
1002.0	360172.0	382.0	22.1991	19.1957	2.0	2.0
1002.0	360172.0	395.0	21.7124	18.3198	2.0	2.0
1002.0	360172.0	436.0	22.8175	19.2315	2.0	2.0
1002.0	360172.0	444.0	14.8415	9.02687	1.0	2.0
1002.0	360172.0	456.0	19.4752	18.6362	1.0	2.0
1002.0	360172.0	460.0	22.1943	16.881	2.0	2.0
1002.0	360172.0	465.0	20.5254	16.5919	1.0	2.0
1002.0	360172.0	466.0	17.5493	17.0459	1.0	2.0
1002.0	360172.0	470.0	23.2882	22.0818	2.0	2.0
1002.0	360172.0	483.0	14.5501	16.2372	1.0	2.0
1002.0	360172.0	493.0	14.273	7.3316	1.0	2.0
1002.0	360172.0	534.0	16.5063	6.653	1.0	2.0
1002.0	360172.0	551.0	21.512	21.0399	2.0	2.0
1002.0	360172.0	554.0	23.3977	21.8526	2.0	2.0
1002.0	360172.0	576.0	21.9192	20.3457	2.0	2.0
1002.0	360172.0	590.0	20.9583	18.1737	2.0	2.0
1002.0	360172.0	595.0	22.638	22.1497	2.0	2.0
1002.0	360172.0	596.0	16.7116	17.5113	1.0	2.0
1002.0	360172.0	619.0	21.3416	20.2949	2.0	2.0
1002.0	360172.0	622.0	23.8493	21.7515	2.0	2.0
1002.0	360172.0	628.0	20.7535	19.313	1.0	2.0
1002.0	360172.0	659.0	23.4548	21.941	2.0	2.0
1002.0	360172.0	668.0	15.4667	7.53298	2.0	2.0
1002.0	360172.0	670.0	20.4851	17.8881	2.0	2.0
1002.0	360172.0	685.0	22.3355	16.9828	1.0	2.0
1002.0	360172.0	690.0	17.9299	15.7024	2.0	2.0
1002.0	360172.0	735.0	14.117	15.8663	1.0	2.0
1002.0	360172.0	737.0	24.0278	21.1752	2.0	2.0
1002.0	360172.0	750.0	17.8907	14.9404	1.0	2.0
1002.0	360172.0	759.0	23.8074	19.0973	2.0	2.0
1002.0	360172.0	766.0	23.3946	17.9794	2.0	2.0
1002.0	360172.0	778.0	23.1455	18.3632	2.0	2.0
1002.0	360172.0	780.0	14.782	9.46543	1.0	2.0
1002.0	360172.0	803.0	22.8227	21.5894	2.0	2.0
1002.0	360172.0	805.0	21.63	17.897	2.0	2.0
1002.0	360172.0	832.0	17.3933	17.4202	1.0	2.0
1002.0	360172.0	846.0	21.4087	16.6506	1.0	2.0
1002.0	360172.0	855.0	14.42	8.02362	1.0	2.0
1002.0	360172.0	863.0	14.4953	9.15857	2.0	2.0
1002.0	360172.0	868.0	16.2395	6.94361	1.0	2.0
1002.0	360172.0	880.0	20.5378	22.2062	2.0	2.0
1002.0	360172.0	890.0	20.9561	17.9905	2.0	2.0
1002.0	360172.0	909.0	20.4684	21.3759	1.0	2.0
1002.0	360172.0	910.0	19.4046	18.851	1.0	2.0
1002.0	360172.0	915.0	20.8409	21.0982	2.0	2.0
1002.0	360172.0	923.0	14.719	8.88913	1.0	2.0
1002.0	360172.0	961.0	22.4932	18.2033	2.0	2.0
1002.0	360172.0	964.0	17.9655	15.3271	1.0	2.0
1002.0	360172.0	967.0	23.1402	18.5188	2.0	2.0
1002.0	360172.0	970.0	14.716	7.74092	1.0	2.0
1002.0	360172.0	971.0	21.5403	18.4379	2.0	2.0
1002.0	360172.0	977.0	22.5002	19.0921	2.0	2.0
1002.0	360172.0	993.0	22.9075	22.4762	2.0	2.0
1002.0	360172.0	995.0	14.5918	8.24091	1.0	2.0
1002.0	360172.0	1037.0	18.9245	18.0122	1.0	2.0
1002.0	360172.0	1038.0	22.0505	19.1085	2.0	2.0
1002.0	360172.0	1055.0	16.27	6.98661	1.0	2.0
1002.0	360172.0	1058.0	22.6598	16.4808	2.0	2.0
1002.0	360172.0	1064.0	24.6968	20.984	2.0	2.0
1002.0	360172.0	1070.0	21.7873	20.3953	2.0	2.0
1002.0	360172.0	1079.0	19.7206	22.8402	2.0	2.0
1002.0	360172.0	1080.0	19.2468	22.7001	2.0	2.0
1002.0	360172.0	1085.0	22.6073	18.6445	2.0	2.0
1002.0	360172.0	1090.0	21.8718	15.9015	1.0	2.0
1002.0	360172.0	1100.0	21.2082	21.7344	2.0	2.0
1002.0	360172.0	1108.0	21.2467	21.371	2.0	2.0
1002.0	360172.0	1111.0	15.0735	8.48586	2.0	2.0
1002.0	360172.0	1114.0	18.2382	14.5551	1.0	2.0
1002.0	360172.0	1116.0	22.3416	19.4535	2.0	2.0
1002.0	360172.0	1119.0	24.7544	22.2781	2.0	2.0
1002.0	360172.0	1125.0	19.6041	22.7873	2.0	2.0
1002.0	360172.0	1130.0	24.5994	21.1104	2.0	2.0
1002.0	360172.0	1131.0	24.6172	21.5346	2.0	2.0
1002.0	360172.0	1145.0	15.377	6.84186	1.0	2.0
1002.0	360172.0	1159.0	18.6581	22.6034	1.0	2.0
1002.0	360172.0	1164.0	21.6775	20.0604	2.0	2.0
1002.0	360172.0	1170.0	22.3186	16.5686	2.0	2.0
1002.0	360172.0	1187.0	24.4446	18.8749	2.0	2.0
1002.0	360172.0	1189.0	21.1965	20.5645	2.0	2.0
1002.0	360172.0	1213.0	14.785	8.02226	1.0	2.0
1002.0	360172.0	1223.0	21.7732	21.3983	2.0	2.0
1002.0	360172.0	1224.0	21.0138	21.2536	2.0	2.0
1002.0	360172.0	1254.0	14.0314	7.57147	1.0	2.0
1002.0	360172.0	1268.0	19.753	17.5773	2.0	2.0
1002.0	360172.0	1281.0	22.4369	21.1908	2.0	2.0
1002.0	360172.0	1288.0	16.201	17.4067	1.0	2.0
1002.0	360172.0	1297.0	23.7725	21.4037	2.0	2.0
1002.0	360172.0	1314.0	21.9281	19.5146	2.0	2.0
1002.0	360172.0	1319.0	23.3372	21.8136	2.0	2.0
1002.0	360172.0	1326.0	18.2615	15.1055	1.0	2.0
1002.0	360172.0	1333.0	22.4923	16.082	2.0	2.0
1002.0	360172.0	1350.0	22.6126	21.577	2.0	2.0
1002.0	360172.0	1364.0	19.3707	18.9328	1.0	2.0
6216.0	37058.0	11.0	3.86314	20.5366	2.0	2.0
6216.0	37058.0	20.0	0.546958	21.2751	2.0	2.0
6216.0	37058.0	21.0	8.28414	20.101	1.0	2.0
6216.0	37058.0	30.0	7.7244	22.7224	2.0	2.0
6216.0	37058.0	37.0	5.28264	23.3636	2.0	2.0
6216.0	37058.0	66.0	9.27271	20.6255	2.0	2.0
6216.0	37058.0	67.0	5.98114	24.029	2.0	2.0
6216.0	37058.0	70.0	7.55548	16.3904	2.0	2.0
6216.0	37058.0	72.0	10.9858	19.8947	2.0	2.0
6216.0	37058.0	75.0	1.98256	19.6979	2.0	2.0
6216.0	37058.0	125.0	6.00815	20.8378	2.0	2.0
6216.0	37058.0	127.0	13.4897	18.956	1.0	2.0
6216.0	37058.0	149.0	6.57566	16.2189	2.0	2.0
6216.0	37058.0	162.0	7.07407	24.2674	1.0	2.0
6216.0	37058.0	163.0	6.23497	21.3787	2.0	2.0
6216.0	37058.0	189.0	0.768636	22.17	2.0	2.0
6216.0	37058.0	190.0	2.54239	20.7045	1.0	2.0
6216.0	37058.0	214.0	4.13984	18.4035	2.0	2.0
6216.0	37058.0	215.0	9.02159	22.2017	1.0	2.0
6216.0	37058.0	226.0	9.59163	21.3413	2.0	2.0
6216.0	37058.0	232.0	11.8059	20.2407	1.0	2.0
6216.0	37058.0	241.0	5.61635	22.0804	2.0	2.0
6216.0	37058.0	256.0	7.23855	16.0012	1.0	2.0
6216.0	37058.0	261.0	6.47595	14.6919	1.0	2.0
6216.0	37058.0	263.0	4.52519	24.2189	2.0	2.0
6216.0	37058.0	291.0	2.5819	19.3362	2.0	2.0
6216.0	37058.0	298.0	6.31286	15.5288	1.0	2.0
6216.0	37058.0	312.0	4.85446	21.1772	2.0	2.0
6216.0	37058.0	325.0	5.10009	20.9009	1.0	2.0
6216.0	37058.0	343.0	7.65996	23.6033	1.0	2.0
6216.0	37058.0	350.0	15.1952	17.7601	1.0	2.0
6216.0	37058.0	352.0	5.42323	19.1083	1.0	2.0
6216.0	37058.0	388.0	7.25751	19.6006	2.0	2.0
6216.0	37058.0	391.0	5.72506	17.7246	1.0	2.0
6216.0	37058.0	403.0	6.52982	20.7857	2.0	2.0
6216.0	37058.0	423.0	6.39108	24.0339	2.0	2.0
6216.0	37058.0	430.0	13.9752	19.7338	1.0	2.0
6216.0	37058.0	457.0	1.37144	20.845	1.0	2.0
6216.0	37058.0	474.0	6.07693	19.5529	2.0	2.0
6216.0	37058.0	497.0	6.83472	22.5628	1.0	2.0
6216.0	37058.0	504.0	7.92488	15.3245	1.0	2.0
6216.0	37058.0	521.0	12.1843	19.9192	1.0	2.0
6216.0	37058.0	544.0	9.15512	17.2454	1.0	2.0
6216.0	37058.0	546.0	9.03383	22.0572	1.0	2.0
6216.0	37058.0	555.0	8.51947	21.4673	2.0	2.0
6216.0	37058.0	557.0	7.34398	20.6817	2.0	2.0
6216.0	37058.0	559.0	5.22663	21.8849	2.0	2.0
6216.0	37058.0	604.0	6.44901	16.1968	1.0	2.0
6216.0	37058.0	615.0	6.0222	16.0561	2.0	2.0
6216.0	37058.0	641.0	5.92226	24.3271	2.0	2.0
6216.0	37058.0	644.0	2.83447	19.4399	2.0	2.0
6216.0	37058.0	662.0	8.65747	20.9074	2.0	2.0
6216.0	37058.0	674.0	6.37272	24.4619	2.0	2.0
6216.0	37058.0	691.0	5.36149	24.3975	2.0	2.0
6216.0	37058.0	703.0	12.9489	18.8087	1.0	2.0
6216.0	37058.0	719.0	5.31232	18.6905	1.0	2.0
6216.0	37058.0	771.0	12.2013	18.8953	2.0	2.0
6216.0	37058.0	779.0	9.83855	22.8652	1.0	2.0
6216.0	37058.0	781.0	4.90792	17.5944	1.0	2.0
6216.0	37058.0	790.0	5.65432	21.941	2.0	2.0
6216.0	37058.0	800.0	6.37805	23.7979	2.0	2.0
6216.0	37058.0	811.0	7.80548	22.7136	1.0	2.0
6216.0	37058.0	812.0	4.58069	23.9744	2.0	2.0
6216.0	37058.0	813.0	7.47856	20.913	2.0	2.0
6216.0	37058.0	822.0	6.8698	23.0996	1.0	2.0
6216.0	37058.0	824.0	3.79644	19.0827	2.0	2.0
6216.0	37058.0	835.0	4.5253	20.8816	1.0	2.0
6216.0	37058.0	848.0	6.9776	21.2045	2.0	2.0
6216.0	37058.0	849.0	6.65691	20.3934	2.0	2.0
6216.0	37058.0	852.0	6.03669	15.7489	2.0	2.0
6216.0	37058.0	857.0	10.3718	21.1933	2.0	2.0
6216.0	37058.0	859.0	7.26659	20.234	2.0	2.0
6216.0	37058.0	893.0	8.09114	23.0077	2.0	2.0
6216.0	37058.0	897.0	7.78922	18.0443	1.0	2.0
6216.0	37058.0	900.0	11.3373	21.0703	1.0	2.0
6216.0	37058.0	901.0	11.386	20.3808	1.0	2.0
6216.0	37058.0	929.0	7.63278	22.4927	1.0	2.0
6216.0	37058.0	934.0	6.44718	16.5101	2.0	2.0
6216.0	37058.0	954.0	6.60158	15.6955	2.0	2.0
6216.0	37058.0	955.0	6.38827	21.2226	2.0	2.0
6216.0	37058.0	958.0	5.38565	22.3565	2.0	2.0
6216.0	37058.0	959.0	5.09301	17.4251	1.0	2.0
6216.0	37058.0	963.0	8.6839	22.3	1.0	2.0
6216.0	37058.0	979.0	4.35186	18.5304	2.0	2.0
6216.0	37058.0	984.0	12.5882	20.3022	2.0	2.0
6216.0	37058.0	994.0	5.11124	17.8675	2.0	2.0
6216.0	37058.0	1017.0	6.70184	22.3553	1.0	2.0
6216.0	37058.0	1019.0	1.74625	20.7363	1.0	2.0
6216.0	37058.0	1049.0	7.002	19.4805	2.0	2.0
6216.0	37058.0	1072.0	9.23382	21.054	2.0	2.0
6216.0	37058.0	1123.0	5.31513	20.2891	1.0	2.0
6216.0	37058.0	1128.0	5.3922	21.9483	2.0	2.0
6216.0	37058.0	1146.0	7.39368	20.5598	2.0	2.0
6216.0	37058.0	1156.0	5.58508	20.5536	2.0	2.0
6216.0	37058.0	1158.0	7.82247	21.5698	2.0	2.0
6216.0	37058.0	1173.0	6.95711	22.4017	1.0	2.0
6216.0	37058.0	1192.0	6.57026	23.5755	1.0	2.0
6216.0	37058.0	1196.0	6.48683	16.232	2.0	2.0
6216.0	37058.0	1203.0	6.26748	24.1915	2.0	2.0
6216.0	37058.0	1204.0	12.6789	18.9035	1.0	2.0
6216.0	37058.0	1211.0	6.15601	20.3064	2.0	2.0
6216.0	37058.0	1215.0	7.12844	17.3553	1.0	2.0
6216.0	37058.0	1306.0	5.32251	22.1065	2.0	2.0
6216.0	37058.0	1318.0	6.21272	23.6485	2.0	2.0
6216.0	37058.0	1330.0	8.06999	21.1745	2.0	2.0
6216.0	37058.0	1340.0	5.67376	16.556	2.0	2.0
6216.0	37058.0	1361.0	7.21504	24.9702	2.0	2.0
627.0	266049.0	12.0	9.79452	8.64995	2.0	2.0
627.0	266049.0	17.0	10.5892	10.0097	1.0	2.0
627.0	266049.0	39.0	13.6627	2.87332	1.0	2.0
627.0	266049.0	40.0	9.46793	7.94371	2.0	2.0
627.0	266049.0	43.0	12.7891	7.14077	1.0	2.0
627.0	266049.0	102.0	11.9452	8.91624	2.0	2.0
627.0	266049.0	104.0	12.5066	9.46922	1.0	2.0
627.0	266049.0	141.0	8.86498	1.85232	1.0	2.0
627.0	266049.0	159.0	8.86486	8.1259	1.0	2.0
627.0	266049.0	164.0	13.3058	3.38531	2.0	2.0
627.0	266049.0	166.0	10.2373	3.02648	2.0	2.0
627.0	266049.0	172.0	15.7662	8.28326	1.0	2.0
627.0	266049.0	173.0	10.8907	9.30343	1.0	2.0
627.0	266049.0	180.0	12.5804	7.8502	1.0	2.0
627.0	266049.0	187.0	11.6668	9.7691	1.0	2.0
627.0	266049.0	196.0	11.5721	3.43308	2.0	2.0
627.0	266049.0	220.0	9.7322	1.76574	1.0	2.0
627.0	266049.0	237.0	13.0547	1.62246	1.0	2.0
627.0	266049.0	265.0	10.7827	7.61614	1.0	2.0
627.0	266049.0	274.0	11.7458	5.48473	1.0	2.0
627.0	266049.0	297.0	11.9567	6.60572	1.0	2.0
627.0	266049.0	319.0	12.9501	7.15497	1.0	2.0
627.0	266049.0	323.0	13.2902	8.4649	2.0	2.0
627.0	266049.0	336.0	11.5763	7.11062	1.0	2.0
627.0	266049.0	340.0	10.3886	2.1047	1.0	2.0
627.0	266049.0	341.0	14.4961	2.89071	1.0	2.0
627.0	266049.0	348.0	10.7615	2.9606	2.0	2.0
627.0	266049.0	359.0	13.9599	4.70324	1.0	2.0
627.0	266049.0	402.0	15.4055	9.42839	1.0	2.0
627.0	266049.0	404.0	13.1741	4.05219	1.0	2.0
627.0	266049.0	405.0	12.398	7.33022	2.0	2.0
627.0	266049.0	409.0	13.6202	8.46913	1.0	2.0
627.0	266049.0	434.0	13.1286	6.74346	2.0	2.0
627.0	266049.0	444.0	14.8415	9.02687	1.0	2.0
627.0	266049.0	451.0	12.9436	2.65142	1.0	2.0
627.0	266049.0	464.0	13.0021	4.29768	2.0	2.0
627.0	266049.0	473.0	11.4782	7.98349	1.0	2.0
627.0	266049.0	477.0	10.69	1.56874	1.0	2.0
627.0	266049.0	481.0	12.0445	3.49771	2.0	2.0
627.0	266049.0	489.0	9.75359	7.3178	1.0	2.0
627.0	266049.0	493.0	14.273	7.3316	2.0	2.0
627.0	266049.0	495.0	11.8987	4.82927	2.0	2.0
627.0	266049.0	496.0	13.1396	3.54348	1.0	2.0
627.0	266049.0	528.0	9.65115	1.34888	1.0	2.0
627.0	266049.0	538.0	10.9407	4.96705	1.0	2.0
627.0	266049.0	541.0	12.7978	6.61805	2.0	2.0
627.0	266049.0	542.0	13.4875	6.40435	1.0	2.0
627.0	266049.0	597.0	11.8454	9.25367	2.0	2.0
627.0	266049.0	602.0	13.4506	3.80363	1.0	2.0
627.0	266049.0	606.0	14.338	4.86163	2.0	2.0
627.0	266049.0	632.0	13.238	3.06291	1.0	2.0
627.0	266049.0	649.0	12.7576	6.12883	2.0	2.0
627.0	266049.0	681.0	11.9889	10.111	2.0	2.0
627.0	266049.0	683.0	11.4988	7.38308	1.0	2.0
627.0	266049.0	684.0	13.8467	3.05171	2.0	2.0
627.0	266049.0	687.0	12.8653	3.90555	2.0	2.0
627.0	266049.0	693.0	12.5005	4.20932	2.0	2.0
627.0	266049.0	705.0	12.7835	2.40099	2.0	2.0
627.0	266049.0	738.0	11.3817	7.90897	2.0	2.0
627.0	266049.0	772.0	13.9418	5.34218	2.0	2.0
627.0	266049.0	780.0	14.782	9.46543	1.0	2.0
627.0	266049.0	789.0	11.2753	8.16544	1.0	2.0
627.0	266049.0	793.0	11.5518	2.9158	2.0	2.0
627.0	266049.0	821.0	11.0498	8.852	1.0	2.0
627.0	266049.0	836.0	9.38555	8.25132	1.0	2.0
627.0	266049.0	845.0	13.3892	3.93178	2.0	2.0
627.0	266049.0	855.0	14.42	8.02362	2.0	2.0
627.0	266049.0	860.0	10.7087	7.85604	2.0	2.0
627.0	266049.0	863.0	14.4953	9.15857	2.0	2.0
627.0	266049.0	875.0	8.70347	8.32204	1.0	2.0
627.0	266049.0	879.0	12.0109	6.0943	2.0	2.0
627.0	266049.0	906.0	11.446	2.48401	1.0	2.0
627.0	266049.0	923.0	14.719	8.88913	1.0	2.0
627.0	266049.0	941.0	10.0062	1.29202	1.0	2.0
627.0	266049.0	945.0	13.5426	3.74739	1.0	2.0
627.0	266049.0	946.0	13.306	3.55908	1.0	2.0
627.0	266049.0	969.0	11.9855	3.7305	2.0	2.0
627.0	266049.0	970.0	14.716	7.74092	2.0	2.0
627.0	266049.0	976.0	10.0829	7.04985	1.0	2.0
627.0	266049.0	995.0	14.5918	8.24091	2.0	2.0
627.0	266049.0	996.0	13.8252	7.71512	2.0	2.0
627.0	266049.0	999.0	9.95844	2.45267	1.0	2.0
627.0	266049.0	1018.0	12.5393	6.68685	2.0	2.0
627.0	266049.0	1020.0	11.7944	8.92754	2.0	2.0
627.0	266049.0	1029.0	13.5426	8.31961	1.0	2.0
627.0	266049.0	1048.0	10.6066	8.29768	2.0	2.0
627.0	266049.0	1062.0	12.5727	8.01439	1.0	2.0
627.0	266049.0	1075.0	10.7302	8.89837	1.0	2.0
627.0	266049.0	1086.0	10.0855	2.6972	1.0	2.0
627.0	266049.0	1088.0	9.00625	8.45912	2.0	2.0
627.0	266049.0	1099.0	11.9356	6.35067	1.0	2.0
627.0	266049.0	1107.0	14.1861	3.4776	2.0	2.0
627.0	266049.0	1111.0	15.0735	8.48586	1.0	2.0
627.0	266049.0	1124.0	10.369	7.28831	1.0	2.0
627.0	266049.0	1153.0	13.6069	7.8741	1.0	2.0
627.0	266049.0	1161.0	13.4407	7.98006	1.0	2.0
627.0	266049.0	1162.0	12.9606	7.75763	1.0	2.0
627.0	266049.0	1171.0	12.2274	9.88574	2.0	2.0
627.0	266049.0	1177.0	12.4196	9.7786	1.0	2.0
627.0	266049.0	1194.0	9.15531	6.79552	1.0	2.0
627.0	266049.0	1195.0	9.59649	7.22161	1.0	2.0
627.0	266049.0	1209.0	13.3275	8.32716	1.0	2.0
627.0	266049.0	1213.0	14.785	8.02226	2.0	2.0
627.0	266049.0	1232.0	11.8462	8.9961	2.0	2.0
627.0	266049.0	1238.0	10.284	1.14354	1.0	2.0
627.0	266049.0	1254.0	14.0314	7.57147	2.0	2.0
627.0	266049.0	1255.0	9.74266	8.42412	1.0	2.0
627.0	266049.0	1262.0	12.5296	6.76018	1.0	2.0
627.0	266049.0	1290.0	14.1871	4.71362	1.0	2.0
627.0	266049.0	1291.0	13.4622	3.14183	2.0	2.0
627.0	266049.0	1292.0	13.545	2.9177	2.0	2.0
627.0	266049.0	1305.0	13.2093	6.5006	1.0	2.0
627.0	266049.0	1315.0	15.1517	9.05381	1.0	2.0
627.0	266049.0	1321.0	12.1894	7.72899	1.0	2.0
627.0	266049.0	1334.0	12.3507	3.44275	1.0	2.0
627.0	266049.0	1349.0	9.78539	2.55126	2.0	2.0
627.0	266049.0	1352.0	10.1826	2.42815	1.0	2.0
1952.0	335200.0	9.0	18.3235	21.4304	2.0	2.0
1952.0	335200.0	25.0	18.9247	22.2377	2.0	2.0
1952.0	335200.0	44.0	19.2091	17.089	1.0	2.0
1952.0	335200.0	58.0	18.6278	23.0528	2.0	2.0
1952.0	335200.0	83.0	12.054	23.0426	1.0	2.0
1952.0	335200.0	113.0	19.7716	17.2849	1.0	2.0
1952.0	335200.0	123.0	17.5892	23.708	1.0	2.0
1952.0	335200.0	139.0	17.8449	17.1969	2.0	2.0
1952.0	335200.0	142.0	18.707	14.9743	2.0	2.0
1952.0	335200.0	154.0	18.4644	18.4674	2.0	2.0
1952.0	335200.0	161.0	14.9067	13.2967	2.0	2.0
1952.0	335200.0	171.0	19.0846	23.4002	1.0	2.0
1952.0	335200.0	222.0	21.2644	20.3752	1.0	2.0
1952.0	335200.0	229.0	18.9592	20.4743	2.0	2.0
1952.0	335200.0	235.0	18.4276	17.7007	2.0	2.0
1952.0	335200.0	238.0	20.3972	19.7368	2.0	2.0
1952.0	335200.0	251.0	19.6858	21.3935	1.0	2.0
1952.0	335200.0	269.0	13.3287	21.8156	2.0	2.0
1952.0	335200.0	270.0	21.7844	22.2429	2.0	2.0
1952.0	335200.0	275.0	16.4681	14.0798	1.0	2.0
1952.0	335200.0	276.0	19.6681	18.6377	2.0	2.0
1952.0	335200.0	281.0	17.7873	14.8233	2.0	2.0
1952.0	335200.0	285.0	17.8556	23.1129	2.0	2.0
1952.0	335200.0	290.0	18.9894	23.0119	2.0	2.0
1952.0	335200.0	293.0	17.9532	15.7054	2.0	2.0
1952.0	335200.0	294.0	17.8865	14.9171	1.0	2.0
1952.0	335200.0	365.0	14.0928	22.4364	1.0	2.0
1952.0	335200.0	374.0	18.8956	16.1804	1.0	2.0
1952.0	335200.0	392.0	12.6961	22.5214	1.0	2.0
1952.0	335200.0	393.0	12.723	23.1601	1.0	2.0
1952.0	335200.0	400.0	13.0651	22.2627	2.0	2.0
1952.0	335200.0	408.0	10.2143	23.7274	1.0	2.0
1952.0	335200.0	426.0	18.8322	23.9033	1.0	2.0
1952.0	335200.0	456.0	19.4752	18.6362	2.0	2.0
1952.0	335200.0	466.0	17.5493	17.0459	2.0	2.0
1952.0	335200.0	471.0	18.5315	14.42	1.0	2.0
1952.0	335200.0	484.0	18.0265	21.3942	2.0	2.0
1952.0	335200.0	491.0	18.9468	24.0778	1.0	2.0
1952.0	335200.0	502.0	18.4543	22.0355	2.0	2.0
1952.0	335200.0	516.0	13.6651	21.8791	2.0	2.0
1952.0	335200.0	532.0	18.7108	15.518	1.0	2.0
1952.0	335200.0	576.0	21.9192	20.3457	1.0	2.0
1952.0	335200.0	626.0	18.8288	15.0167	1.0	2.0
1952.0	335200.0	628.0	20.7535	19.313	1.0	2.0
1952.0	335200.0	643.0	17.3045	16.2655	2.0	2.0
1952.0	335200.0	690.0	17.9299	15.7024	2.0	2.0
1952.0	335200.0	699.0	13.7106	21.8258	2.0	2.0
1952.0	335200.0	741.0	19.47	22.6537	2.0	2.0
1952.0	335200.0	748.0	18.3496	24.5271	1.0	2.0
1952.0	335200.0	750.0	17.8907	14.9404	2.0	2.0
1952.0	335200.0	758.0	21.2099	19.6347	2.0	2.0
1952.0	335200.0	762.0	18.4104	22.4362	2.0	2.0
1952.0	335200.0	782.0	14.1988	21.8278	1.0	2.0
1952.0	335200.0	791.0	18.4438	22.2761	2.0	2.0
1952.0	335200.0	799.0	14.0905	21.5701	1.0	2.0
1952.0	335200.0	827.0	18.3359	21.912	2.0	2.0
1952.0	335200.0	832.0	17.3933	17.4202	2.0	2.0
1952.0	335200.0	894.0	19.7805	19.3007	2.0	2.0
1952.0	335200.0	899.0	18.5669	23.0142	1.0	2.0
1952.0	335200.0	910.0	19.4046	18.851	2.0	2.0
1952.0	335200.0	914.0	19.0807	21.8215	2.0	2.0
1952.0	335200.0	916.0	16.901	14.1541	2.0	2.0
1952.0	335200.0	926.0	16.6127	14.4484	1.0	2.0
1952.0	335200.0	937.0	12.9675	22.8642	1.0	2.0
1952.0	335200.0	964.0	17.9655	15.3271	1.0	2.0
1952.0	335200.0	981.0	17.439	23.0584	2.0	2.0
1952.0	335200.0	987.0	18.4113	24.3637	1.0	2.0
1952.0	335200.0	1028.0	19.1031	24.4312	1.0	2.0
1952.0	335200.0	1037.0	18.9245	18.0122	2.0	2.0
1952.0	335200.0	1043.0	19.0203	15.7149	1.0	2.0
1952.0	335200.0	1050.0	14.1568	21.6754	2.0	2.0
1952.0	335200.0	1051.0	14.8559	22.2299	1.0	2.0
1952.0	335200.0	1052.0	17.2506	23.6904	1.0	2.0
1952.0	335200.0	1057.0	17.9358	22.194	2.0	2.0
1952.0	335200.0	1093.0	18.2909	18.8759	2.0	2.0
1952.0	335200.0	1095.0	12.0927	23.2651	1.0	2.0
1952.0	335200.0	1108.0	21.2467	21.371	1.0	2.0
1952.0	335200.0	1114.0	18.2382	14.5551	1.0	2.0
1952.0	335200.0	1144.0	18.9557	23.548	1.0	2.0
1952.0	335200.0	1159.0	18.6581	22.6034	1.0	2.0
1952.0	335200.0	1164.0	21.6775	20.0604	1.0	2.0
1952.0	335200.0	1189.0	21.1965	20.5645	1.0	2.0
1952.0	335200.0	1191.0	16.0101	13.79	1.0	2.0
1952.0	335200.0	1197.0	13.121	21.9214	2.0	2.0
1952.0	335200.0	1198.0	13.6419	21.4519	2.0	2.0
1952.0	335200.0	1199.0	17.7843	15.9403	2.0	2.0
1952.0	335200.0	1226.0	16.8416	17.448	2.0	2.0
1952.0	335200.0	1239.0	18.3919	17.4497	2.0	2.0
1952.0	335200.0	1244.0	16.6665	13.916	2.0	2.0
1952.0	335200.0	1257.0	17.3901	23.0277	2.0	2.0
1952.0	335200.0	1258.0	17.2349	23.1203	2.0	2.0
1952.0	335200.0	1261.0	18.5479	22.5266	2.0	2.0
1952.0	335200.0	1278.0	12.7993	21.814	2.0	2.0
1952.0	335200.0	1288.0	16.201	17.4067	1.0	2.0
1952.0	335200.0	1295.0	19.24	22.4587	2.0	2.0
1952.0	335200.0	1324.0	18.8489	14.233	1.0	2.0
1952.0	335200.0	1325.0	18.589	14.9485	2.0	2.0
1952.0	335200.0	1326.0	18.2615	15.1055	1.0	2.0
1952.0	335200.0	1328.0	19.2425	15.3919	1.0	2.0
1952.0	335200.0	1350.0	22.6126	21.577	1.0	2.0
1952.0	335200.0	1353.0	18.3665	24.0365	1.0	2.0
1952.0	335200.0	1358.0	14.7507	21.8196	1.0	2.0
1952.0	335200.0	1364.0	19.3707	18.9328	2.0	2.0
6745.0	379508.0	12.0	9.79452	8.64995	1.0	2.0
6745.0	379508.0	13.0	11.3736	2.20639	2.0	2.0
6745.0	379508.0	23.0	11.096	10.5399	1.0	2.0
6745.0	379508.0	39.0	13.6627	2.87332	2.0	2.0
6745.0	379508.0	43.0	12.7891	7.14077	1.0	2.0
6745.0	379508.0	100.0	11.4054	5.82375	2.0	2.0
6745.0	379508.0	104.0	12.5066	9.46922	1.0	2.0
6745.0	379508.0	121.0	15.2139	10.8673	1.0	2.0
6745.0	379508.0	141.0	8.86498	1.85232	1.0	2.0
6745.0	379508.0	152.0	10.8634	6.33615	2.0	2.0
6745.0	379508.0	158.0	14.2632	9.45958	2.0	2.0
6745.0	379508.0	165.0	13.3076	12.0662	1.0	2.0
6745.0	379508.0	166.0	10.2373	3.02648	2.0	2.0
6745.0	379508.0	186.0	8.76421	3.94447	2.0	2.0
6745.0	379508.0	187.0	11.6668	9.7691	1.0	2.0
6745.0	379508.0	194.0	15.6952	11.4542	1.0	2.0
6745.0	379508.0	196.0	11.5721	3.43308	2.0	2.0
6745.0	379508.0	224.0	11.5877	4.19663	2.0	2.0
6745.0	379508.0	237.0	13.0547	1.62246	1.0	2.0
6745.0	379508.0	272.0	10.1717	6.00688	1.0	2.0
6745.0	379508.0	274.0	11.7458	5.48473	2.0	2.0
6745.0	379508.0	297.0	11.9567	6.60572	1.0	2.0
6745.0	379508.0	310.0	11.3283	3.95005	2.0	2.0
6745.0	379508.0	319.0	12.9501	7.15497	2.0	2.0
6745.0	379508.0	323.0	13.2902	8.4649	2.0	2.0
6745.0	379508.0	338.0	13.9372	8.92073	2.0	2.0
6745.0	379508.0	348.0	10.7615	2.9606	1.0	2.0
6745.0	379508.0	349.0	10.228	5.62389	1.0	2.0
6745.0	379508.0	405.0	12.398	7.33022	2.0	2.0
6745.0	379508.0	409.0	13.6202	8.46913	2.0	2.0
6745.0	379508.0	418.0	15.7021	11.6334	1.0	2.0
6745.0	379508.0	425.0	11.7974	1.97809	2.0	2.0
6745.0	379508.0	444.0	14.8415	9.02687	1.0	2.0
6745.0	379508.0	451.0	12.9436	2.65142	2.0	2.0
6745.0	379508.0	453.0	9.20884	4.6053	1.0	2.0
6745.0	379508.0	464.0	13.0021	4.29768	1.0	2.0
6745.0	379508.0	467.0	9.63005	4.7015	1.0	2.0
6745.0	379508.0	481.0	12.0445	3.49771	2.0	2.0
6745.0	379508.0	495.0	11.8987	4.82927	2.0	2.0
6745.0	379508.0	519.0	13.3836	11.0003	2.0	2.0
6745.0	379508.0	525.0	12.2579	1.47037	1.0	2.0
6745.0	379508.0	526.0	11.6476	0.848362	1.0	2.0
6745.0	379508.0	529.0	14.7703	10.4642	1.0	2.0
6745.0	379508.0	538.0	10.9407	4.96705	2.0	2.0
6745.0	379508.0	541.0	12.7978	6.61805	1.0	2.0
6745.0	379508.0	542.0	13.4875	6.40435	1.0	2.0
6745.0	379508.0	564.0	11.3411	4.55001	2.0	2.0
6745.0	379508.0	575.0	8.97978	3.88667	1.0	2.0
6745.0	379508.0	597.0	11.8454	9.25367	1.0	2.0
6745.0	379508.0	605.0	11.4495	1.69197	2.0	2.0
6745.0	379508.0	632.0	13.238	3.06291	1.0	2.0
6745.0	379508.0	633.0	11.9861	2.51689	2.0	2.0
6745.0	379508.0	634.0	14.3485	11.5609	1.0	2.0
6745.0	379508.0	649.0	12.7576	6.12883	2.0	2.0
6745.0	379508.0	680.0	11.3334	0.505156	1.0	2.0
6745.0	379508.0	681.0	11.9889	10.111	1.0	2.0
6745.0	379508.0	684.0	13.8467	3.05171	1.0	2.0
6745.0	379508.0	687.0	12.8653	3.90555	1.0	2.0
6745.0	379508.0	693.0	12.5005	4.20932	1.0	2.0
6745.0	379508.0	705.0	12.7835	2.40099	2.0	2.0
6745.0	379508.0	718.0	12.1619	1.27297	1.0	2.0
6745.0	379508.0	722.0	9.33756	4.51577	1.0	2.0
6745.0	379508.0	742.0	14.5628	10.9819	2.0	2.0
6745.0	379508.0	763.0	13.3959	7.67538	2.0	2.0
6745.0	379508.0	772.0	13.9418	5.34218	2.0	2.0
6745.0	379508.0	773.0	11.9789	0.347091	1.0	2.0
6745.0	379508.0	780.0	14.782	9.46543	2.0	2.0
6745.0	379508.0	793.0	11.5518	2.9158	2.0	2.0
6745.0	379508.0	830.0	14.0622	9.19132	2.0	2.0
6745.0	379508.0	833.0	12.7894	11.1068	1.0	2.0
6745.0	379508.0	851.0	14.1227	11.637	1.0	2.0
6745.0	379508.0	858.0	14.4587	11.5118	1.0	2.0
6745.0	379508.0	863.0	14.4953	9.15857	2.0	2.0
6745.0	379508.0	870.0	10.1288	5.61569	1.0	2.0
6745.0	379508.0	871.0	11.7693	1.82589	2.0	2.0
6745.0	379508.0	904.0	14.1522	11.7594	2.0	2.0
6745.0	379508.0	906.0	11.446	2.48401	2.0	2.0
6745.0	379508.0	923.0	14.719	8.88913	2.0	2.0
6745.0	379508.0	969.0	11.9855	3.7305	2.0	2.0
6745.0	379508.0	1018.0	12.5393	6.68685	1.0	2.0
6745.0	379508.0	1020.0	11.7944	8.92754	1.0	2.0
6745.0	379508.0	1029.0	13.5426	8.31961	2.0	2.0
6745.0	379508.0	1031.0	14.9868	12.0456	1.0	2.0
6745.0	379508.0	1099.0	11.9356	6.35067	1.0	2.0
6745.0	379508.0	1107.0	14.1861	3.4776	1.0	2.0
6745.0	379508.0	1111.0	15.0735	8.48586	1.0	2.0
6745.0	379508.0	1112.0	8.38401	3.8435	1.0	2.0
6745.0	379508.0	1115.0	11.2486	5.99268	1.0	2.0
6745.0	379508.0	1126.0	13.0166	11.0581	1.0	2.0
6745.0	379508.0	1153.0	13.6069	7.8741	2.0	2.0
6745.0	379508.0	1161.0	13.4407	7.98006	1.0	2.0
6745.0	379508.0	1162.0	12.9606	7.75763	1.0	2.0
6745.0	379508.0	1171.0	12.2274	9.88574	1.0	2.0
6745.0	379508.0	1209.0	13.3275	8.32716	2.0	2.0
6745.0	379508.0	1229.0	13.5738	12.04	1.0	2.0
6745.0	379508.0	1232.0	11.8462	8.9961	1.0	2.0
6745.0	379508.0	1253.0	11.6187	1.9634	2.0	2.0
6745.0	379508.0	1262.0	12.5296	6.76018	1.0	2.0
6745.0	379508.0	1264.0	10.4318	4.08947	2.0	2.0
6745.0	379508.0	1279.0	14.3119	11.945	1.0	2.0
6745.0	379508.0	1280.0	12.2601	11.1216	1.0	2.0
6745.0	379508.0	1305.0	13.2093	6.5006	1.0	2.0
6745.0	379508.0	1313.0	15.0562	11.6209	1.0	2.0
6745.0	379508.0	1315.0	15.1517	9.05381	1.0	2.0
6745.0	379508.0	1321.0	12.1894	7.72899	1.0	2.0
6745.0	379508.0	1331.0	15.6263	10.7722	2.0	2.0
6745.0	379508.0	1334.0	12.3507	3.44275	2.0	2.0
5178.0	288524.0	4.0	2.55868	4.88764	1.0	2.0
5178.0	288524.0	22.0	4.48948	7.06564	1.0	2.0
5178.0	288524.0	35.0	3.91496	12.3549	1.0	2.0
5178.0	288524.0	99.0	4.20187	9.31391	1.0	2.0
5178.0	288524.0	107.0	6.092	7.9911	2.0	2.0
5178.0	288524.0	117.0	5.95393	8.32385	2.0	2.0
5178.0	288524.0	130.0	4.1842	5.01758	2.0	2.0
5178.0	288524.0	133.0	2.8816	8.81678	2.0	2.0
5178.0	288524.0	157.0	7.33358	8.19954	2.0	2.0
5178.0	288524.0	159.0	8.86486	8.1259	1.0	2.0
5178.0	288524.0	211.0	1.54554	5.20136	1.0	2.0
5178.0	288524.0	246.0	2.99829	8.42863	2.0	2.0
5178.0	288524.0	249.0	4.17489	7.42632	1.0	2.0
5178.0	288524.0	262.0	4.95334	5.13132	1.0	2.0
5178.0	288524.0	271.0	4.17371	5.72195	2.0	2.0
5178.0	288524.0	287.0	6.51678	7.54161	2.0	2.0
5178.0	288524.0	296.0	7.33139	7.59728	1.0	2.0
5178.0	288524.0	326.0	7.54367	11.3023	2.0	2.0
5178.0	288524.0	353.0	2.70894	5.62589	2.0	2.0
5178.0	288524.0	410.0	7.21275	9.76053	2.0	2.0
5178.0	288524.0	414.0	2.97604	9.09249	2.0	2.0
5178.0	288524.0	424.0	5.34419	7.74745	2.0	2.0
5178.0	288524.0	432.0	7.13446	10.276	2.0	2.0
5178.0	288524.0	437.0	5.02019	4.22929	1.0	2.0
5178.0	288524.0	468.0	8.08967	10.6122	2.0	2.0
5178.0	288524.0	472.0	4.37932	8.53828	1.0	2.0
5178.0	288524.0	479.0	5.03852	7.14407	2.0	2.0
5178.0	288524.0	486.0	8.14795	8.7963	2.0	2.0
5178.0	288524.0	498.0	5.10476	7.23681	1.0	2.0
5178.0	288524.0	499.0	4.79985	7.72426	1.0	2.0
5178.0	288524.0	507.0	5.67834	7.66714	2.0	2.0
5178.0	288524.0	539.0	6.96344	10.2736	2.0	2.0
5178.0	288524.0	579.0	3.7322	7.26243	2.0	2.0
5178.0	288524.0	580.0	6.47737	7.78369	2.0	2.0
5178.0	288524.0	587.0	4.64878	6.00344	2.0	2.0
5178.0	288524.0	613.0	5.37872	5.08751	1.0	2.0
5178.0	288524.0	627.0	7.80875	7.6882	1.0	2.0
5178.0	288524.0	637.0	7.39356	10.749	1.0	2.0
5178.0	288524.0	639.0	4.73255	7.1972	1.0	2.0
5178.0	288524.0	658.0	9.7819	9.82227	1.0	2.0
5178.0	288524.0	720.0	6.87861	8.15103	2.0	2.0
5178.0	288524.0	723.0	6.96766	10.3811	2.0	2.0
5178.0	288524.0	746.0	5.37721	8.34046	2.0	2.0
5178.0	288524.0	757.0	2.01049	5.03347	1.0	2.0
5178.0	288524.0	767.0	5.73879	7.61248	1.0	2.0
5178.0	288524.0	786.0	4.64309	7.40806	2.0	2.0
5178.0	288524.0	809.0	3.86533	6.66173	2.0	2.0
5178.0	288524.0	826.0	8.58756	9.01781	2.0	2.0
5178.0	288524.0	854.0	4.09192	5.41577	2.0	2.0
5178.0	288524.0	866.0	5.07653	4.43874	2.0	2.0
5178.0	288524.0	875.0	8.70347	8.32204	1.0	2.0
5178.0	288524.0	911.0	7.88235	10.9047	1.0	2.0
5178.0	288524.0	940.0	7.84276	10.1364	2.0	2.0
5178.0	288524.0	943.0	4.22265	9.57983	2.0	2.0
5178.0	288524.0	949.0	6.75963	10.1299	2.0	2.0
5178.0	288524.0	953.0	3.80005	7.79333	2.0	2.0
5178.0	288524.0	957.0	10.0011	9.03953	1.0	2.0
5178.0	288524.0	965.0	4.21482	7.15919	2.0	2.0
5178.0	288524.0	990.0	4.03423	4.14876	2.0	2.0
5178.0	288524.0	1004.0	6.77931	8.28139	1.0	2.0
5178.0	288524.0	1005.0	7.34539	7.93794	1.0	2.0
5178.0	288524.0	1015.0	4.18917	8.81754	2.0	2.0
5178.0	288524.0	1089.0	2.14409	3.9285	1.0	2.0
5178.0	288524.0	1101.0	2.4849	6.53803	1.0	2.0
5178.0	288524.0	1140.0	2.89139	5.48678	1.0	2.0
5178.0	288524.0	1141.0	8.51702	7.95664	2.0	2.0
5178.0	288524.0	1148.0	2.16909	5.4842	1.0	2.0
5178.0	288524.0	1157.0	2.74206	9.36772	1.0	2.0
5178.0	288524.0	1178.0	5.14084	6.53166	1.0	2.0
5178.0	288524.0	1186.0	2.16792	4.25318	1.0	2.0
5178.0	288524.0	1188.0	5.10955	7.36677	1.0	2.0
5178.0	288524.0	1230.0	7.26189	10.6393	2.0	2.0
5178.0	288524.0	1231.0	6.66091	10.3761	2.0	2.0
5178.0	288524.0	1234.0	7.93564	10.7765	1.0	2.0
5178.0	288524.0	1242.0	5.74446	5.41537	2.0	2.0
5178.0	288524.0	1267.0	3.66725	5.6157	2.0	2.0
5178.0	288524.0	1300.0	2.85879	8.61975	2.0	2.0
5178.0	288524.0	1335.0	4.7438	8.27002	2.0	2.0
6953.0	65996.0	2.0	21.2203	21.5607	1.0	2.0
6953.0	65996.0	7.0	21.9131	21.3305	2.0	2.0
6953.0	65996.0	42.0	17.8105	24.3712	2.0	2.0
6953.0	65996.0	62.0	14.9643	22.3275	1.0	2.0
6953.0	65996.0	94.0	14.5711	22.4285	1.0	2.0
6953.0	65996.0	115.0	18.384	24.4029	2.0	2.0
6953.0	65996.0	116.0	16.9457	24.6214	2.0	2.0
6953.0	65996.0	123.0	17.5892	23.708	1.0	2.0
6953.0	65996.0	169.0	14.9389	24.7999	2.0	2.0
6953.0	65996.0	171.0	19.0846	23.4002	1.0	2.0
6953.0	65996.0	221.0	15.4464	24.7001	2.0	2.0
6953.0	65996.0	269.0	13.3287	21.8156	2.0	2.0
6953.0	65996.0	360.0	15.4651	24.9095	2.0	2.0
6953.0	65996.0	376.0	16.858	21.5642	1.0	2.0
6953.0	65996.0	379.0	16.0954	21.6241	1.0	2.0
6953.0	65996.0	393.0	12.723	23.1601	1.0	2.0
6953.0	65996.0	400.0	13.0651	22.2627	2.0	2.0
6953.0	65996.0	419.0	14.6516	22.3743	1.0	2.0
6953.0	65996.0	426.0	18.8322	23.9033	1.0	2.0
6953.0	65996.0	476.0	17.8953	24.055	2.0	2.0
6953.0	65996.0	516.0	13.6651	21.8791	1.0	2.0
6953.0	65996.0	551.0	21.512	21.0399	1.0	2.0
6953.0	65996.0	562.0	14.354	23.1157	2.0	2.0
6953.0	65996.0	568.0	15.0851	22.9505	2.0	2.0
6953.0	65996.0	576.0	21.9192	20.3457	1.0	2.0
6953.0	65996.0	586.0	14.8562	23.9359	2.0	2.0
6953.0	65996.0	617.0	15.1284	24.6699	2.0	2.0
6953.0	65996.0	694.0	14.394	21.5119	2.0	2.0
6953.0	65996.0	699.0	13.7106	21.8258	2.0	2.0
6953.0	65996.0	736.0	17.6751	23.7458	2.0	2.0
6953.0	65996.0	748.0	18.3496	24.5271	1.0	2.0
6953.0	65996.0	764.0	14.8631	24.0604	2.0	2.0
6953.0	65996.0	782.0	14.1988	21.8278	2.0	2.0
6953.0	65996.0	783.0	16.1061	24.7372	2.0	2.0
6953.0	65996.0	799.0	14.0905	21.5701	2.0	2.0
6953.0	65996.0	803.0	22.8227	21.5894	2.0	2.0
6953.0	65996.0	883.0	14.7931	22.6209	1.0	2.0
6953.0	65996.0	884.0	15.954	22.0778	2.0	2.0
6953.0	65996.0	909.0	20.4684	21.3759	1.0	2.0
6953.0	65996.0	980.0	17.6644	24.732	2.0	2.0
6953.0	65996.0	987.0	18.4113	24.3637	2.0	2.0
6953.0	65996.0	1003.0	15.4603	24.8464	2.0	2.0
6953.0	65996.0	1028.0	19.1031	24.4312	1.0	2.0
6953.0	65996.0	1039.0	12.53	23.376	1.0	2.0
6953.0	65996.0	1040.0	17.7264	23.9382	1.0	2.0
6953.0	65996.0	1050.0	14.1568	21.6754	1.0	2.0
6953.0	65996.0	1051.0	14.8559	22.2299	2.0	2.0
6953.0	65996.0	1052.0	17.2506	23.6904	1.0	2.0
6953.0	65996.0	1108.0	21.2467	21.371	2.0	2.0
6953.0	65996.0	1144.0	18.9557	23.548	1.0	2.0
6953.0	65996.0	1151.0	12.2635	23.8845	2.0	2.0
6953.0	65996.0	1169.0	15.0353	24.4512	2.0	2.0
6953.0	65996.0	1189.0	21.1965	20.5645	1.0	2.0
6953.0	65996.0	1197.0	13.121	21.9214	1.0	2.0
6953.0	65996.0	1198.0	13.6419	21.4519	1.0	2.0
6953.0	65996.0	1206.0	17.7986	23.7059	2.0	2.0
6953.0	65996.0	1223.0	21.7732	21.3983	1.0	2.0
6953.0	65996.0	1224.0	21.0138	21.2536	1.0	2.0
6953.0	65996.0	1275.0	17.283	24.622	2.0	2.0
6953.0	65996.0	1276.0	16.7026	24.3432	2.0	2.0
6953.0	65996.0	1278.0	12.7993	21.814	1.0	2.0
6953.0	65996.0	1281.0	22.4369	21.1908	2.0	2.0
6953.0	65996.0	1309.0	15.3251	24.5581	2.0	2.0
6953.0	65996.0	1350.0	22.6126	21.577	2.0	2.0
6953.0	65996.0	1353.0	18.3665	24.0365	1.0	2.0
6953.0	65996.0	1358.0	14.7507	21.8196	2.0	2.0
7460.0	142647.0	55.0	1.36465	24.8128	2.0	2.0
7460.0	142647.0	93.0	0.847127	17.1548	1.0	2.0
7460.0	142647.0	95.0	1.71835	23.4401	2.0	2.0
7460.0	142647.0	103.0	3.02998	23.9854	2.0	2.0
7460.0	142647.0	140.0	3.28022	23.7655	2.0	2.0
7460.0	142647.0	183.0	1.92623	23.4149	2.0	2.0
7460.0	142647.0	244.0	1.51956	14.7623	2.0	2.0
7460.0	142647.0	245.0	1.631	17.7326	1.0	2.0
7460.0	142647.0	315.0	1.25178	14.323	2.0	2.0
7460.0	142647.0	329.0	1.60888	14.2935	2.0	2.0
7460.0	142647.0	381.0	1.70153	24.9051	2.0	2.0
7460.0	142647.0	397.0	1.46056	18.9892	2.0	2.0
7460.0	142647.0	448.0	1.99413	23.3795	2.0	2.0
7460.0	142647.0	480.0	2.60532	24.6878	2.0	2.0
7460.0	142647.0	510.0	1.50286	15.0903	2.0	2.0
7460.0	142647.0	514.0	1.29735	16.0819	1.0	2.0
7460.0	142647.0	552.0	2.54157	23.5889	2.0	2.0
7460.0	142647.0	570.0	1.74008	24.4687	2.0	2.0
7460.0	142647.0	594.0	0.707371	24.858	2.0	2.0
7460.0	142647.0	601.0	1.74033	23.8651	2.0	2.0
7460.0	142647.0	610.0	1.15201	14.3742	2.0	2.0
7460.0	142647.0	614.0	0.933345	14.2584	2.0	2.0
7460.0	142647.0	638.0	0.70788	20.052	2.0	2.0
7460.0	142647.0	654.0	1.92904	14.4734	2.0	2.0
7460.0	142647.0	665.0	1.34306	14.4715	2.0	2.0
7460.0	142647.0	724.0	0.74941	24.47	2.0	2.0
7460.0	142647.0	725.0	0.999533	24.5633	2.0	2.0
7460.0	142647.0	739.0	1.13076	17.9962	2.0	2.0
7460.0	142647.0	740.0	1.75511	18.5241	2.0	2.0
7460.0	142647.0	745.0	0.760062	16.9633	2.0	2.0
7460.0	142647.0	815.0	0.88204	19.6498	2.0	2.0
7460.0	142647.0	817.0	1.47473	24.5845	2.0	2.0
7460.0	142647.0	843.0	3.74251	23.9253	2.0	2.0
7460.0	142647.0	891.0	3.16593	24.155	2.0	2.0
7460.0	142647.0	902.0	1.20328	24.4824	2.0	2.0
7460.0	142647.0	907.0	0.621915	19.5994	1.0	2.0
7460.0	142647.0	939.0	1.10427	14.7426	2.0	2.0
7460.0	142647.0	972.0	1.9809	14.8867	2.0	2.0
7460.0	142647.0	974.0	0.734792	13.8724	1.0	2.0
7460.0	142647.0	975.0	0.386089	13.3879	1.0	2.0
7460.0	142647.0	986.0	1.20828	13.963	2.0	2.0
7460.0	142647.0	1001.0	1.61171	17.9547	2.0	2.0
7460.0	142647.0	1009.0	0.39712	19.4924	2.0	2.0
7460.0	142647.0	1105.0	1.99465	14.2331	2.0	2.0
7460.0	142647.0	1106.0	1.63625	14.4268	2.0	2.0
7460.0	142647.0	1135.0	1.95205	24.5312	2.0	2.0
7460.0	142647.0	1136.0	1.52137	24.9363	2.0	2.0
7460.0	142647.0	1137.0	1.35685	23.9675	2.0	2.0
7460.0	142647.0	1222.0	0.396479	14.0954	2.0	2.0
7460.0	142647.0	1236.0	2.31304	13.7501	1.0	2.0
7460.0	142647.0	1294.0	1.55738	14.7421	2.0	2.0
7460.0	142647.0	1301.0	0.840004	13.4632	2.0	2.0
7460.0	142647.0	1322.0	2.08378	23.6883	2.0	2.0
7460.0	142647.0	1343.0	2.14467	14.8196	2.0	2.0
6439.0	443697.0	79.0	18.2776	2.62554	1.0	2.0
6439.0	443697.0	87.0	21.6483	4.16451	1.0	2.0
6439.0	443697.0	145.0	22.8665	10.3603	2.0	2.0
6439.0	443697.0	148.0	22.8606	11.5795	1.0	2.0
6439.0	443697.0	155.0	23.4744	10.3531	2.0	2.0
6439.0	443697.0	167.0	20.682	8.62785	2.0	2.0
6439.0	443697.0	170.0	19.9372	2.61634	1.0	2.0
6439.0	443697.0	203.0	21.7671	14.1665	1.0	2.0
6439.0	443697.0	236.0	23.387	10.1121	1.0	2.0
6439.0	443697.0	240.0	21.3149	11.3463	1.0	2.0
6439.0	443697.0	266.0	20.8003	11.5222	2.0	2.0
6439.0	443697.0	302.0	23.1904	9.69453	1.0	2.0
6439.0	443697.0	303.0	23.7849	9.88689	1.0	2.0
6439.0	443697.0	321.0	23.1804	10.8479	2.0	2.0
6439.0	443697.0	332.0	17.7982	3.46212	2.0	2.0
6439.0	443697.0	339.0	21.1824	12.3222	2.0	2.0
6439.0	443697.0	347.0	21.4468	11.1692	1.0	2.0
6439.0	443697.0	364.0	19.5807	2.51106	1.0	2.0
6439.0	443697.0	387.0	22.0567	4.75466	2.0	2.0
6439.0	443697.0	399.0	19.9005	2.38575	1.0	2.0
6439.0	443697.0	508.0	17.4104	3.64996	2.0	2.0
6439.0	443697.0	512.0	21.1669	11.2042	1.0	2.0
6439.0	443697.0	547.0	21.4733	12.5862	1.0	2.0
6439.0	443697.0	550.0	19.1511	2.40842	2.0	2.0
6439.0	443697.0	566.0	21.922	8.93737	2.0	2.0
6439.0	443697.0	567.0	22.7411	10.7241	2.0	2.0
6439.0	443697.0	573.0	22.1559	7.61219	1.0	2.0
6439.0	443697.0	603.0	18.1048	2.8403	2.0	2.0
6439.0	443697.0	611.0	20.4347	11.2435	2.0	2.0
6439.0	443697.0	630.0	19.7076	2.99174	2.0	2.0
6439.0	443697.0	660.0	20.8789	8.17057	1.0	2.0
6439.0	443697.0	676.0	20.2532	8.89849	1.0	2.0
6439.0	443697.0	701.0	19.5795	12.5774	1.0	2.0
6439.0	443697.0	702.0	20.8842	13.3869	1.0	2.0
6439.0	443697.0	712.0	21.7673	14.531	2.0	2.0
6439.0	443697.0	729.0	22.8714	10.4725	2.0	2.0
6439.0	443697.0	734.0	21.9655	13.7664	1.0	2.0
6439.0	443697.0	743.0	19.1582	12.5977	1.0	2.0
6439.0	443697.0	744.0	19.4948	13.054	1.0	2.0
6439.0	443697.0	798.0	19.7433	2.081	1.0	2.0
6439.0	443697.0	804.0	21.2959	13.5804	1.0	2.0
6439.0	443697.0	878.0	21.047	11.5023	2.0	2.0
6439.0	443697.0	903.0	21.3145	12.1058	1.0	2.0
6439.0	443697.0	960.0	21.7535	11.2044	2.0	2.0
6439.0	443697.0	985.0	17.0091	3.62974	1.0	2.0
6439.0	443697.0	988.0	19.4956	13.2279	1.0	2.0
6439.0	443697.0	1008.0	21.3643	8.66639	1.0	2.0
6439.0	443697.0	1046.0	19.0842	2.71905	1.0	2.0
6439.0	443697.0	1060.0	20.5173	13.6565	1.0	2.0
6439.0	443697.0	1065.0	17.381	3.64312	1.0	2.0
6439.0	443697.0	1073.0	20.0545	3.31275	1.0	2.0
6439.0	443697.0	1082.0	23.274	10.7541	1.0	2.0
6439.0	443697.0	1097.0	18.7115	3.38022	1.0	2.0
6439.0	443697.0	1109.0	23.9354	10.4757	1.0	2.0
6439.0	443697.0	1122.0	19.6001	2.34595	1.0	2.0
6439.0	443697.0	1152.0	22.5191	11.5211	1.0	2.0
6439.0	443697.0	1160.0	21.9631	12.039	2.0	2.0
6439.0	443697.0	1193.0	18.989	1.69259	1.0	2.0
6439.0	443697.0	1235.0	21.7954	11.3912	2.0	2.0
6439.0	443697.0	1274.0	16.2993	4.17054	1.0	2.0
6439.0	443697.0	1302.0	18.9238	3.28718	2.0	2.0
6439.0	443697.0	1308.0	21.4708	8.39059	1.0	2.0
6439.0	443697.0	1347.0	22.699	10.1162	2.0	2.0
6439.0	443697.0	1348.0	22.8297	10.0379	2.0	2.0
1782.0	134518.0	14.0	6.37898	4.21288	1.0	2.0
1782.0	134518.0	31.0	8.39866	0.157688	1.0	2.0
1782.0	134518.0	60.0	7.13981	4.77599	1.0	2.0
1782.0	134518.0	69.0	6.6127	3.37196	1.0	2.0
1782.0	134518.0	80.0	9.26972	0.233282	2.0	2.0
1782.0	134518.0	84.0	8.58923	1.76553	1.0	2.0
1782.0	134518.0	110.0	7.04743	5.64874	2.0	2.0
1782.0	134518.0	120.0	6.36908	2.44906	2.0	2.0
1782.0	134518.0	124.0	7.6877	5.14204	2.0	2.0
1782.0	134518.0	134.0	6.22219	3.72385	2.0	2.0
1782.0	134518.0	212.0	6.51931	1.47423	2.0	2.0
1782.0	134518.0	216.0	8.96309	1.55838	2.0	2.0
1782.0	134518.0	264.0	8.14613	6.24578	2.0	2.0
1782.0	134518.0	272.0	10.1717	6.00688	1.0	2.0
1782.0	134518.0	345.0	9.75378	0.0119891	2.0	2.0
1782.0	134518.0	349.0	10.228	5.62389	1.0	2.0
1782.0	134518.0	380.0	7.52129	4.6164	2.0	2.0
1782.0	134518.0	412.0	7.29662	5.72808	2.0	2.0
1782.0	134518.0	454.0	6.50949	3.40147	1.0	2.0
1782.0	134518.0	509.0	7.29238	5.19605	2.0	2.0
1782.0	134518.0	517.0	6.60967	3.47698	1.0	2.0
1782.0	134518.0	520.0	6.57972	1.60283	1.0	2.0
1782.0	134518.0	538.0	10.9407	4.96705	1.0	2.0
1782.0	134518.0	588.0	6.34873	2.64821	2.0	2.0
1782.0	134518.0	648.0	10.9885	5.74233	1.0	2.0
1782.0	134518.0	679.0	7.93543	6.10613	2.0	2.0
1782.0	134518.0	713.0	7.70041	5.42046	2.0	2.0
1782.0	134518.0	775.0	8.61577	0.498889	1.0	2.0
1782.0	134518.0	837.0	8.72257	1.77262	1.0	2.0
1782.0	134518.0	861.0	7.70537	0.264797	1.0	2.0
1782.0	134518.0	862.0	7.6552	5.10934	2.0	2.0
1782.0	134518.0	869.0	8.54601	0.676069	2.0	2.0
1782.0	134518.0	870.0	10.1288	5.61569	1.0	2.0
1782.0	134518.0	889.0	8.04444	6.50018	1.0	2.0
1782.0	134518.0	908.0	8.26389	6.68674	2.0	2.0
1782.0	134518.0	917.0	8.65585	0.585481	1.0	2.0
1782.0	134518.0	918.0	8.67375	0.584593	2.0	2.0
1782.0	134518.0	948.0	8.08276	1.38601	1.0	2.0
1782.0	134518.0	1000.0	6.59061	4.41344	1.0	2.0
1782.0	134518.0	1004.0	6.77931	8.28139	1.0	2.0
1782.0	134518.0	1005.0	7.34539	7.93794	1.0	2.0
1782.0	134518.0	1143.0	6.76352	3.60322	2.0	2.0
1782.0	134518.0	1167.0	6.81275	2.49212	2.0	2.0
1782.0	134518.0	1172.0	7.55162	5.17917	2.0	2.0
1782.0	134518.0	1183.0	8.25986	1.40344	1.0	2.0
1782.0	134518.0	1200.0	8.5153	6.29655	2.0	2.0
1782.0	134518.0	1205.0	9.01677	0.886126	2.0	2.0
1782.0	134518.0	1214.0	6.3452	2.99183	2.0	2.0
1782.0	134518.0	1316.0	7.87157	0.231939	1.0	2.0
1782.0	134518.0	1337.0	10.2963	5.96089	1.0	2.0
1782.0	134518.0	1365.0	6.04593	2.59825	2.0	2.0
6187.0	215406.0	53.0	18.3242	14.4023	1.0	2.0
6187.0	215406.0	74.0	17.6539	11.7315	2.0	2.0
6187.0	215406.0	158.0	14.2632	9.45958	1.0	2.0
6187.0	215406.0	161.0	14.9067	13.2967	1.0	2.0
6187.0	215406.0	191.0	16.3498	9.71594	1.0	2.0
6187.0	215406.0	194.0	15.6952	11.4542	2.0	2.0
6187.0	215406.0	201.0	17.0153	11.4643	2.0	2.0
6187.0	215406.0	229.0	18.9592	20.4743	1.0	2.0
6187.0	215406.0	240.0	21.3149	11.3463	1.0	2.0
6187.0	215406.0	254.0	18.4195	12.4016	2.0	2.0
6187.0	215406.0	266.0	20.8003	11.5222	2.0	2.0
6187.0	215406.0	276.0	19.6681	18.6377	1.0	2.0
6187.0	215406.0	308.0	16.9858	12.3241	1.0	2.0
6187.0	215406.0	314.0	17.3397	10.3684	2.0	2.0
6187.0	215406.0	338.0	13.9372	8.92073	2.0	2.0
6187.0	215406.0	342.0	16.7377	9.17746	1.0	2.0
6187.0	215406.0	347.0	21.4468	11.1692	2.0	2.0
6187.0	215406.0	402.0	15.4055	9.42839	1.0	2.0
6187.0	215406.0	407.0	17.0584	10.0152	1.0	2.0
6187.0	215406.0	444.0	14.8415	9.02687	1.0	2.0
6187.0	215406.0	455.0	17.4647	12.4281	1.0	2.0
6187.0	215406.0	456.0	19.4752	18.6362	1.0	2.0
6187.0	215406.0	512.0	21.1669	11.2042	1.0	2.0
6187.0	215406.0	529.0	14.7703	10.4642	1.0	2.0
6187.0	215406.0	565.0	17.3784	12.6318	1.0	2.0
6187.0	215406.0	571.0	17.2524	11.9975	1.0	2.0
6187.0	215406.0	611.0	20.4347	11.2435	2.0	2.0
6187.0	215406.0	634.0	14.3485	11.5609	1.0	2.0
6187.0	215406.0	636.0	18.926	12.7154	1.0	2.0
6187.0	215406.0	706.0	17.2492	11.3596	2.0	2.0
6187.0	215406.0	808.0	16.6845	9.67165	1.0	2.0
6187.0	215406.0	830.0	14.0622	9.19132	1.0	2.0
6187.0	215406.0	842.0	18.6133	12.4836	1.0	2.0
6187.0	215406.0	858.0	14.4587	11.5118	2.0	2.0
6187.0	215406.0	863.0	14.4953	9.15857	1.0	2.0
6187.0	215406.0	877.0	16.9954	12.0174	2.0	2.0
6187.0	215406.0	895.0	17.1314	11.6008	1.0	2.0
6187.0	215406.0	903.0	21.3145	12.1058	1.0	2.0
6187.0	215406.0	910.0	19.4046	18.851	1.0	2.0
6187.0	215406.0	933.0	17.4423	11.7178	1.0	2.0
6187.0	215406.0	960.0	21.7535	11.2044	2.0	2.0
6187.0	215406.0	1012.0	14.722	11.4329	1.0	2.0
6187.0	215406.0	1034.0	19.4234	11.2906	1.0	2.0
6187.0	215406.0	1098.0	18.4363	10.0042	1.0	2.0
6187.0	215406.0	1160.0	21.9631	12.039	1.0	2.0
6187.0	215406.0	1191.0	16.0101	13.79	1.0	2.0
6187.0	215406.0	1235.0	21.7954	11.3912	2.0	2.0
6187.0	215406.0	1256.0	18.8039	12.9939	1.0	2.0
6187.0	215406.0	1259.0	19.1233	11.5901	1.0	2.0
6187.0	215406.0	1277.0	17.6486	11.9794	1.0	2.0
6187.0	215406.0	1279.0	14.3119	11.945	1.0	2.0
6187.0	215406.0	1283.0	17.0308	11.7038	2.0	2.0
6187.0	215406.0	1312.0	14.2183	11.6521	2.0	2.0
6187.0	215406.0	1313.0	15.0562	11.6209	2.0	2.0
6187.0	215406.0	1339.0	18.5034	12.3408	1.0	2.0
6187.0	215406.0	1359.0	19.1147	11.1907	1.0	2.0
7536.0	110117.0	14.0	6.37898	4.21288	1.0	2.0
7536.0	110117.0	69.0	6.6127	3.37196	1.0	2.0
7536.0	110117.0	89.0	1.55787	7.41673	1.0	2.0
7536.0	110117.0	97.0	1.77441	9.8328	2.0	2.0
7536.0	110117.0	117.0	5.95393	8.32385	1.0	2.0
7536.0	110117.0	138.0	5.90935	3.15913	1.0	2.0
7536.0	110117.0	157.0	7.33358	8.19954	2.0	2.0
7536.0	110117.0	159.0	8.86486	8.1259	1.0	2.0
7536.0	110117.0	206.0	8.49394	9.9425	1.0	2.0
7536.0	110117.0	287.0	6.51678	7.54161	2.0	2.0
7536.0	110117.0	296.0	7.33139	7.59728	1.0	2.0
7536.0	110117.0	317.0	0.783291	10.8332	2.0	2.0
7536.0	110117.0	361.0	2.89629	10.7784	2.0	2.0
7536.0	110117.0	372.0	1.17039	12.2361	2.0	2.0
7536.0	110117.0	413.0	2.09125	11.4671	2.0	2.0
7536.0	110117.0	441.0	1.28311	13.1553	1.0	2.0
7536.0	110117.0	486.0	8.14795	8.7963	2.0	2.0
7536.0	110117.0	503.0	2.25745	7.42819	1.0	2.0
7536.0	110117.0	517.0	6.60967	3.47698	1.0	2.0
7536.0	110117.0	580.0	6.47737	7.78369	1.0	2.0
7536.0	110117.0	584.0	2.04923	7.88208	1.0	2.0
7536.0	110117.0	627.0	7.80875	7.6882	2.0	2.0
7536.0	110117.0	642.0	0.759679	11.824	2.0	2.0
7536.0	110117.0	651.0	1.39539	8.27525	1.0	2.0
7536.0	110117.0	652.0	1.22125	7.70573	1.0	2.0
7536.0	110117.0	667.0	1.31856	12.1211	2.0	2.0
7536.0	110117.0	746.0	5.37721	8.34046	1.0	2.0
7536.0	110117.0	823.0	8.79973	9.32853	1.0	2.0
7536.0	110117.0	826.0	8.58756	9.01781	2.0	2.0
7536.0	110117.0	834.0	2.9263	9.90539	2.0	2.0
7536.0	110117.0	836.0	9.38555	8.25132	1.0	2.0
7536.0	110117.0	841.0	8.66621	9.61859	2.0	2.0
7536.0	110117.0	881.0	0.315097	12.1139	2.0	2.0
7536.0	110117.0	919.0	5.61434	3.01071	2.0	2.0
7536.0	110117.0	974.0	0.734792	13.8724	1.0	2.0
7536.0	110117.0	975.0	0.386089	13.3879	1.0	2.0
7536.0	110117.0	997.0	0.714115	11.8105	2.0	2.0
7536.0	110117.0	1004.0	6.77931	8.28139	2.0	2.0
7536.0	110117.0	1005.0	7.34539	7.93794	2.0	2.0
7536.0	110117.0	1006.0	1.17574	11.7999	2.0	2.0
7536.0	110117.0	1010.0	2.37699	10.8998	2.0	2.0
7536.0	110117.0	1088.0	9.00625	8.45912	1.0	2.0
7536.0	110117.0	1139.0	8.09037	7.4028	2.0	2.0
7536.0	110117.0	1141.0	8.51702	7.95664	1.0	2.0
7536.0	110117.0	1143.0	6.76352	3.60322	1.0	2.0
7536.0	110117.0	1157.0	2.74206	9.36772	1.0	2.0
7536.0	110117.0	1255.0	9.74266	8.42412	1.0	2.0
4247.0	149454.0	53.0	18.3242	14.4023	1.0	2.0
4247.0	149454.0	74.0	17.6539	11.7315	2.0	2.0
4247.0	149454.0	109.0	18.2806	13.9602	1.0	2.0
4247.0	149454.0	201.0	17.0153	11.4643	2.0	2.0
4247.0	149454.0	203.0	21.7671	14.1665	1.0	2.0
4247.0	149454.0	240.0	21.3149	11.3463	1.0	2.0
4247.0	149454.0	254.0	18.4195	12.4016	2.0	2.0
4247.0	149454.0	308.0	16.9858	12.3241	1.0	2.0
4247.0	149454.0	339.0	21.1824	12.3222	2.0	2.0
4247.0	149454.0	455.0	17.4647	12.4281	1.0	2.0
4247.0	149454.0	547.0	21.4733	12.5862	1.0	2.0
4247.0	149454.0	571.0	17.2524	11.9975	1.0	2.0
4247.0	149454.0	616.0	17.2172	11.8304	1.0	2.0
4247.0	149454.0	636.0	18.926	12.7154	1.0	2.0
4247.0	149454.0	672.0	17.9478	10.674	2.0	2.0
4247.0	149454.0	702.0	20.8842	13.3869	1.0	2.0
4247.0	149454.0	706.0	17.2492	11.3596	2.0	2.0
4247.0	149454.0	743.0	19.1582	12.5977	1.0	2.0
4247.0	149454.0	744.0	19.4948	13.054	1.0	2.0
4247.0	149454.0	788.0	17.205	12.5918	1.0	2.0
4247.0	149454.0	802.0	20.404	12.971	1.0	2.0
4247.0	149454.0	807.0	17.6182	8.97193	1.0	2.0
4247.0	149454.0	810.0	17.7073	10.4888	1.0	2.0
4247.0	149454.0	842.0	18.6133	12.4836	1.0	2.0
4247.0	149454.0	877.0	16.9954	12.0174	2.0	2.0
4247.0	149454.0	895.0	17.1314	11.6008	2.0	2.0
4247.0	149454.0	903.0	21.3145	12.1058	1.0	2.0
4247.0	149454.0	933.0	17.4423	11.7178	1.0	2.0
4247.0	149454.0	964.0	17.9655	15.3271	1.0	2.0
4247.0	149454.0	988.0	19.4956	13.2279	1.0	2.0
4247.0	149454.0	1033.0	18.9521	12.5864	1.0	2.0
4247.0	149454.0	1034.0	19.4234	11.2906	2.0	2.0
4247.0	149454.0	1054.0	17.7817	10.3438	2.0	2.0
4247.0	149454.0	1060.0	20.5173	13.6565	2.0	2.0
4247.0	149454.0	1160.0	21.9631	12.039	2.0	2.0
4247.0	149454.0	1259.0	19.1233	11.5901	2.0	2.0
4247.0	149454.0	1266.0	18.2406	10.3018	1.0	2.0
4247.0	149454.0	1269.0	21.52	14.2169	1.0	2.0
4247.0	149454.0	1277.0	17.6486	11.9794	1.0	2.0
4247.0	149454.0	1283.0	17.0308	11.7038	2.0	2.0
4247.0	149454.0	1287.0	18.8115	12.6979	2.0	2.0
4247.0	149454.0	1304.0	18.8378	9.83786	2.0	2.0
4247.0	149454.0	1339.0	18.5034	12.3408	1.0	2.0
4247.0	149454.0	1359.0	19.1147	11.1907	2.0	2.0
8632.0	273323.0	4.0	2.55868	4.88764	1.0	2.0
8632.0	273323.0	36.0	1.4761	5.89589	1.0	2.0
8632.0	273323.0	89.0	1.55787	7.41673	1.0	2.0
8632.0	273323.0	107.0	6.092	7.9911	2.0	2.0
8632.0	273323.0	117.0	5.95393	8.32385	2.0	2.0
8632.0	273323.0	133.0	2.8816	8.81678	2.0	2.0
8632.0	273323.0	157.0	7.33358	8.19954	2.0	2.0
8632.0	273323.0	246.0	2.99829	8.42863	2.0	2.0
8632.0	273323.0	287.0	6.51678	7.54161	2.0	2.0
8632.0	273323.0	296.0	7.33139	7.59728	1.0	2.0
8632.0	273323.0	410.0	7.21275	9.76053	1.0	2.0
8632.0	273323.0	414.0	2.97604	9.09249	2.0	2.0
8632.0	273323.0	424.0	5.34419	7.74745	2.0	2.0
8632.0	273323.0	472.0	4.37932	8.53828	1.0	2.0
8632.0	273323.0	478.0	1.37339	4.02316	1.0	2.0
8632.0	273323.0	486.0	8.14795	8.7963	2.0	2.0
8632.0	273323.0	503.0	2.25745	7.42819	1.0	2.0
8632.0	273323.0	507.0	5.67834	7.66714	2.0	2.0
8632.0	273323.0	579.0	3.7322	7.26243	1.0	2.0
8632.0	273323.0	580.0	6.47737	7.78369	2.0	2.0
8632.0	273323.0	627.0	7.80875	7.6882	2.0	2.0
8632.0	273323.0	720.0	6.87861	8.15103	2.0	2.0
8632.0	273323.0	746.0	5.37721	8.34046	2.0	2.0
8632.0	273323.0	767.0	5.73879	7.61248	1.0	2.0
8632.0	273323.0	823.0	8.79973	9.32853	1.0	2.0
8632.0	273323.0	826.0	8.58756	9.01781	2.0	2.0
8632.0	273323.0	841.0	8.66621	9.61859	1.0	2.0
8632.0	273323.0	847.0	1.27303	7.72383	2.0	2.0
8632.0	273323.0	953.0	3.80005	7.79333	1.0	2.0
8632.0	273323.0	1004.0	6.77931	8.28139	2.0	2.0
8632.0	273323.0	1005.0	7.34539	7.93794	1.0	2.0
8632.0	273323.0	1015.0	4.18917	8.81754	1.0	2.0
8632.0	273323.0	1032.0	2.10958	7.99691	1.0	2.0
8632.0	273323.0	1139.0	8.09037	7.4028	2.0	2.0
8632.0	273323.0	1141.0	8.51702	7.95664	1.0	2.0
8632.0	273323.0	1157.0	2.74206	9.36772	1.0	2.0
8632.0	273323.0	1190.0	1.42784	7.6753	1.0	2.0
8632.0	273323.0	1202.0	1.57115	7.39974	1.0	2.0
8632.0	273323.0	1300.0	2.85879	8.61975	2.0	2.0
8632.0	273323.0	1335.0	4.7438	8.27002	2.0	2.0
8304.0	217472.0	46.0	9.63381	16.4617	2.0	2.0
8304.0	217472.0	48.0	7.51912	15.6018	2.0	2.0
8304.0	217472.0	70.0	7.55548	16.3904	1.0	2.0
8304.0	217472.0	111.0	8.97578	20.0382	1.0	2.0
8304.0	217472.0	119.0	8.60846	18.0275	2.0	2.0
8304.0	217472.0	193.0	10.1611	14.1703	1.0	2.0
8304.0	217472.0	198.0	10.0762	19.5474	2.0	2.0
8304.0	217472.0	210.0	7.40374	17.5589	2.0	2.0
8304.0	217472.0	256.0	7.23855	16.0012	2.0	2.0
8304.0	217472.0	261.0	6.47595	14.6919	1.0	2.0
8304.0	217472.0	298.0	6.31286	15.5288	1.0	2.0
8304.0	217472.0	306.0	8.359	18.634	2.0	2.0
8304.0	217472.0	504.0	7.92488	15.3245	2.0	2.0
8304.0	217472.0	537.0	7.59628	18.1607	2.0	2.0
8304.0	217472.0	544.0	9.15512	17.2454	1.0	2.0
8304.0	217472.0	560.0	9.2738	17.6431	2.0	2.0
8304.0	217472.0	583.0	10.1554	19.3506	1.0	2.0
8304.0	217472.0	604.0	6.44901	16.1968	1.0	2.0
8304.0	217472.0	608.0	8.4287	17.7517	2.0	2.0
8304.0	217472.0	618.0	7.23483	18.0543	2.0	2.0
8304.0	217472.0	621.0	7.455	16.225	2.0	2.0
8304.0	217472.0	673.0	10.4177	16.7326	1.0	2.0
8304.0	217472.0	698.0	9.27727	19.3272	2.0	2.0
8304.0	217472.0	797.0	10.3344	18.9281	1.0	2.0
8304.0	217472.0	897.0	7.78922	18.0443	1.0	2.0
8304.0	217472.0	934.0	6.44718	16.5101	1.0	2.0
8304.0	217472.0	962.0	9.14532	14.6543	1.0	2.0
8304.0	217472.0	994.0	5.11124	17.8675	1.0	2.0
8304.0	217472.0	1113.0	10.0547	18.9834	2.0	2.0
8304.0	217472.0	1149.0	8.39925	17.6225	2.0	2.0
8304.0	217472.0	1196.0	6.48683	16.232	1.0	2.0
8304.0	217472.0	1215.0	7.12844	17.3553	2.0	2.0
8304.0	217472.0	1273.0	8.85278	19.6459	2.0	2.0
8304.0	217472.0	1329.0	8.47868	18.4039	2.0	2.0
8304.0	217472.0	1340.0	5.67376	16.556	1.0	2.0
7306.0	114410.0	99.0	4.20187	9.31391	1.0	2.0
7306.0	114410.0	107.0	6.092	7.9911	2.0	2.0
7306.0	114410.0	117.0	5.95393	8.32385	1.0	2.0
7306.0	114410.0	133.0	2.8816	8.81678	2.0	2.0
7306.0	114410.0	246.0	2.99829	8.42863	2.0	2.0
7306.0	114410.0	326.0	7.54367	11.3023	2.0	2.0
7306.0	114410.0	410.0	7.21275	9.76053	1.0	2.0
7306.0	114410.0	414.0	2.97604	9.09249	2.0	2.0
7306.0	114410.0	424.0	5.34419	7.74745	1.0	2.0
7306.0	114410.0	432.0	7.13446	10.276	2.0	2.0
7306.0	114410.0	458.0	5.39031	9.77997	2.0	2.0
7306.0	114410.0	468.0	8.08967	10.6122	2.0	2.0
7306.0	114410.0	507.0	5.67834	7.66714	2.0	2.0
7306.0	114410.0	539.0	6.96344	10.2736	1.0	2.0
7306.0	114410.0	579.0	3.7322	7.26243	1.0	2.0
7306.0	114410.0	580.0	6.47737	7.78369	1.0	2.0
7306.0	114410.0	637.0	7.39356	10.749	2.0	2.0
7306.0	114410.0	720.0	6.87861	8.15103	1.0	2.0
7306.0	114410.0	723.0	6.96766	10.3811	2.0	2.0
7306.0	114410.0	746.0	5.37721	8.34046	1.0	2.0
7306.0	114410.0	767.0	5.73879	7.61248	1.0	2.0
7306.0	114410.0	911.0	7.88235	10.9047	1.0	2.0
7306.0	114410.0	940.0	7.84276	10.1364	1.0	2.0
7306.0	114410.0	949.0	6.75963	10.1299	2.0	2.0
7306.0	114410.0	953.0	3.80005	7.79333	1.0	2.0
7306.0	114410.0	1015.0	4.18917	8.81754	1.0	2.0
7306.0	114410.0	1066.0	5.53219	10.095	2.0	2.0
7306.0	114410.0	1157.0	2.74206	9.36772	1.0	2.0
7306.0	114410.0	1230.0	7.26189	10.6393	2.0	2.0
7306.0	114410.0	1231.0	6.66091	10.3761	2.0	2.0
7306.0	114410.0	1234.0	7.93564	10.7765	1.0	2.0
7306.0	114410.0	1272.0	5.60356	10.1849	1.0	2.0
7306.0	114410.0	1300.0	2.85879	8.61975	2.0	2.0
7306.0	114410.0	1335.0	4.7438	8.27002	2.0	2.0
8585.0	146416.0	6.0	16.2332	18.0497	1.0	2.0
8585.0	146416.0	64.0	14.1625	17.4419	2.0	2.0
8585.0	146416.0	132.0	13.986	14.7882	1.0	2.0
8585.0	146416.0	207.0	14.1498	15.9544	2.0	2.0
8585.0	146416.0	268.0	17.009	19.0051	2.0	2.0
8585.0	146416.0	282.0	13.8885	15.6725	2.0	2.0
8585.0	146416.0	304.0	15.0144	16.2642	1.0	2.0
8585.0	146416.0	350.0	15.1952	17.7601	1.0	2.0
8585.0	146416.0	422.0	13.9213	17.2723	2.0	2.0
8585.0	146416.0	475.0	13.3079	16.2906	2.0	2.0
8585.0	146416.0	596.0	16.7116	17.5113	2.0	2.0
8585.0	146416.0	631.0	13.0756	15.0515	2.0	2.0
8585.0	146416.0	655.0	16.849	18.157	1.0	2.0
8585.0	146416.0	709.0	16.1525	16.9655	2.0	2.0
8585.0	146416.0	716.0	13.061	15.1304	2.0	2.0
8585.0	146416.0	735.0	14.117	15.8663	1.0	2.0
8585.0	146416.0	747.0	13.0417	14.7764	1.0	2.0
8585.0	146416.0	829.0	13.9217	16.2086	2.0	2.0
8585.0	146416.0	840.0	13.8979	17.1973	2.0	2.0
8585.0	146416.0	850.0	15.4796	18.2485	1.0	2.0
8585.0	146416.0	865.0	12.755	15.0655	2.0	2.0
8585.0	146416.0	928.0	13.1704	14.9787	1.0	2.0
8585.0	146416.0	991.0	15.4483	15.9551	1.0	2.0
8585.0	146416.0	1035.0	13.3111	16.2399	2.0	2.0
8585.0	146416.0	1053.0	16.8765	17.802	1.0	2.0
8585.0	146416.0	1081.0	16.6889	17.1291	2.0	2.0
8585.0	146416.0	1102.0	13.391	16.2226	2.0	2.0
8585.0	146416.0	1168.0	16.524	17.7655	2.0	2.0
8585.0	146416.0	1185.0	13.8987	16.8834	2.0	2.0
8585.0	146416.0	1221.0	13.6052	16.2878	2.0	2.0
8585.0	146416.0	1288.0	16.201	17.4067	1.0	2.0
8553.0	459735.0	54.0	22.8724	18.148	1.0	2.0
8553.0	459735.0	112.0	21.4549	18.7161	2.0	2.0
8553.0	459735.0	129.0	22.1945	17.7642	1.0	2.0
8553.0	459735.0	209.0	22.0556	19.419	2.0	2.0
8553.0	459735.0	233.0	20.8163	22.3759	2.0	2.0
8553.0	459735.0	250.0	21.3214	19.7564	2.0	2.0
8553.0	459735.0	251.0	19.6858	21.3935	1.0	2.0
8553.0	459735.0	270.0	21.7844	22.2429	1.0	2.0
8553.0	459735.0	301.0	23.6392	19.9196	1.0	2.0
8553.0	459735.0	331.0	23.4787	20.4653	2.0	2.0
8553.0	459735.0	346.0	23.9725	20.4694	1.0	2.0
8553.0	459735.0	363.0	20.5627	21.7881	2.0	2.0
8553.0	459735.0	382.0	22.1991	19.1957	2.0	2.0
8553.0	459735.0	395.0	21.7124	18.3198	1.0	2.0
8553.0	459735.0	436.0	22.8175	19.2315	2.0	2.0
8553.0	459735.0	628.0	20.7535	19.313	1.0	2.0
8553.0	459735.0	759.0	23.8074	19.0973	1.0	2.0
8553.0	459735.0	766.0	23.3946	17.9794	2.0	2.0
8553.0	459735.0	805.0	21.63	17.897	1.0	2.0
8553.0	459735.0	880.0	20.5378	22.2062	2.0	2.0
8553.0	459735.0	909.0	20.4684	21.3759	1.0	2.0
8553.0	459735.0	915.0	20.8409	21.0982	1.0	2.0
8553.0	459735.0	961.0	22.4932	18.2033	1.0	2.0
8553.0	459735.0	971.0	21.5403	18.4379	2.0	2.0
8553.0	459735.0	977.0	22.5002	19.0921	2.0	2.0
8553.0	459735.0	1038.0	22.0505	19.1085	2.0	2.0
8553.0	459735.0	1079.0	19.7206	22.8402	1.0	2.0
8553.0	459735.0	1080.0	19.2468	22.7001	1.0	2.0
8553.0	459735.0	1085.0	22.6073	18.6445	1.0	2.0
8553.0	459735.0	1100.0	21.2082	21.7344	1.0	2.0
8553.0	459735.0	1116.0	22.3416	19.4535	1.0	2.0
8553.0	459735.0	1125.0	19.6041	22.7873	1.0	2.0
8553.0	459735.0	1159.0	18.6581	22.6034	1.0	2.0
8553.0	459735.0	1187.0	24.4446	18.8749	1.0	2.0
8553.0	459735.0	1223.0	21.7732	21.3983	1.0	2.0
8553.0	459735.0	1314.0	21.9281	19.5146	2.0	2.0
9096.0	275693.0	4.0	2.55868	4.88764	1.0	2.0
9096.0	275693.0	22.0	4.48948	7.06564	1.0	2.0
9096.0	275693.0	130.0	4.1842	5.01758	2.0	2.0
9096.0	275693.0	211.0	1.54554	5.20136	1.0	2.0
9096.0	275693.0	249.0	4.17489	7.42632	1.0	2.0
9096.0	275693.0	262.0	4.95334	5.13132	1.0	2.0
9096.0	275693.0	271.0	4.17371	5.72195	2.0	2.0
9096.0	275693.0	353.0	2.70894	5.62589	2.0	2.0
9096.0	275693.0	437.0	5.02019	4.22929	1.0	2.0
9096.0	275693.0	479.0	5.03852	7.14407	2.0	2.0
9096.0	275693.0	498.0	5.10476	7.23681	1.0	2.0
9096.0	275693.0	499.0	4.79985	7.72426	1.0	2.0
9096.0	275693.0	579.0	3.7322	7.26243	1.0	2.0
9096.0	275693.0	587.0	4.64878	6.00344	2.0	2.0
9096.0	275693.0	613.0	5.37872	5.08751	1.0	2.0
9096.0	275693.0	639.0	4.73255	7.1972	1.0	2.0
9096.0	275693.0	757.0	2.01049	5.03347	1.0	2.0
9096.0	275693.0	786.0	4.64309	7.40806	2.0	2.0
9096.0	275693.0	809.0	3.86533	6.66173	2.0	2.0
9096.0	275693.0	854.0	4.09192	5.41577	2.0	2.0
9096.0	275693.0	866.0	5.07653	4.43874	2.0	2.0
9096.0	275693.0	953.0	3.80005	7.79333	1.0	2.0
9096.0	275693.0	965.0	4.21482	7.15919	1.0	2.0
9096.0	275693.0	990.0	4.03423	4.14876	2.0	2.0
9096.0	275693.0	1089.0	2.14409	3.9285	1.0	2.0
9096.0	275693.0	1101.0	2.4849	6.53803	1.0	2.0
9096.0	275693.0	1140.0	2.89139	5.48678	1.0	2.0
9096.0	275693.0	1148.0	2.16909	5.4842	1.0	2.0
9096.0	275693.0	1178.0	5.14084	6.53166	1.0	2.0
9096.0	275693.0	1186.0	2.16792	4.25318	1.0	2.0
9096.0	275693.0	1188.0	5.10955	7.36677	1.0	2.0
9096.0	275693.0	1242.0	5.74446	5.41537	2.0	2.0
9096.0	275693.0	1267.0	3.66725	5.6157	2.0	2.0
2603.0	251699.0	65.0	4.45808	20.9997	1.0	2.0
2603.0	251699.0	125.0	6.00815	20.8378	2.0	2.0
2603.0	251699.0	312.0	4.85446	21.1772	1.0	2.0
2603.0	251699.0	325.0	5.10009	20.9009	1.0	2.0
2603.0	251699.0	352.0	5.42323	19.1083	1.0	2.0
2603.0	251699.0	403.0	6.52982	20.7857	1.0	2.0
2603.0	251699.0	497.0	6.83472	22.5628	1.0	2.0
2603.0	251699.0	557.0	7.34398	20.6817	2.0	2.0
2603.0	251699.0	559.0	5.22663	21.8849	1.0	2.0
2603.0	251699.0	574.0	5.51476	18.4889	1.0	2.0
2603.0	251699.0	790.0	5.65432	21.941	2.0	2.0
2603.0	251699.0	822.0	6.8698	23.0996	2.0	2.0
2603.0	251699.0	835.0	4.5253	20.8816	1.0	2.0
2603.0	251699.0	848.0	6.9776	21.2045	2.0	2.0
2603.0	251699.0	849.0	6.65691	20.3934	2.0	2.0
2603.0	251699.0	859.0	7.26659	20.234	2.0	2.0
2603.0	251699.0	893.0	8.09114	23.0077	1.0	2.0
2603.0	251699.0	955.0	6.38827	21.2226	1.0	2.0
2603.0	251699.0	958.0	5.38565	22.3565	2.0	2.0
2603.0	251699.0	1002.0	5.63207	19.5332	1.0	2.0
2603.0	251699.0	1123.0	5.31513	20.2891	1.0	2.0
2603.0	251699.0	1128.0	5.3922	21.9483	1.0	2.0
2603.0	251699.0	1146.0	7.39368	20.5598	1.0	2.0
2603.0	251699.0	1156.0	5.58508	20.5536	2.0	2.0
2603.0	251699.0	1182.0	5.28841	19.1853	1.0	2.0
2603.0	251699.0	1192.0	6.57026	23.5755	2.0	2.0
2603.0	251699.0	1211.0	6.15601	20.3064	1.0	2.0
2603.0	251699.0	1306.0	5.32251	22.1065	1.0	2.0
9200.0	349087.0	12.0	9.79452	8.64995	1.0	2.0
9200.0	349087.0	17.0	10.5892	10.0097	1.0	2.0
9200.0	349087.0	100.0	11.4054	5.82375	1.0	2.0
9200.0	349087.0	157.0	7.33358	8.19954	1.0	2.0
9200.0	349087.0	180.0	12.5804	7.8502	2.0	2.0
9200.0	349087.0	264.0	8.14613	6.24578	1.0	2.0
9200.0	349087.0	287.0	6.51678	7.54161	2.0	2.0
9200.0	349087.0	296.0	7.33139	7.59728	1.0	2.0
9200.0	349087.0	297.0	11.9567	6.60572	1.0	2.0
9200.0	349087.0	383.0	11.9387	7.80407	1.0	2.0
9200.0	349087.0	405.0	12.398	7.33022	1.0	2.0
9200.0	349087.0	486.0	8.14795	8.7963	2.0	2.0
9200.0	349087.0	597.0	11.8454	9.25367	1.0	2.0
9200.0	349087.0	627.0	7.80875	7.6882	1.0	2.0
9200.0	349087.0	679.0	7.93543	6.10613	2.0	2.0
9200.0	349087.0	746.0	5.37721	8.34046	1.0	2.0
9200.0	349087.0	823.0	8.79973	9.32853	1.0	2.0
9200.0	349087.0	826.0	8.58756	9.01781	2.0	2.0
9200.0	349087.0	841.0	8.66621	9.61859	2.0	2.0
9200.0	349087.0	908.0	8.26389	6.68674	1.0	2.0
9200.0	349087.0	922.0	11.9769	7.12381	1.0	2.0
9200.0	349087.0	1004.0	6.77931	8.28139	1.0	2.0
9200.0	349087.0	1005.0	7.34539	7.93794	1.0	2.0
9200.0	349087.0	1020.0	11.7944	8.92754	1.0	2.0
9200.0	349087.0	1062.0	12.5727	8.01439	2.0	2.0
9200.0	349087.0	1139.0	8.09037	7.4028	1.0	2.0
9200.0	349087.0	1141.0	8.51702	7.95664	1.0	2.0
9200.0	349087.0	1321.0	12.1894	7.72899	1.0	2.0
6134.0	67386.0	70.0	7.55548	16.3904	1.0	2.0
6134.0	67386.0	71.0	9.21439	15.8131	2.0	2.0
6134.0	67386.0	136.0	8.8082	15.533	1.0	2.0
6134.0	67386.0	149.0	6.57566	16.2189	1.0	2.0
6134.0	67386.0	198.0	10.0762	19.5474	1.0	2.0
6134.0	67386.0	210.0	7.40374	17.5589	1.0	2.0
6134.0	67386.0	306.0	8.359	18.634	2.0	2.0
6134.0	67386.0	537.0	7.59628	18.1607	1.0	2.0
6134.0	67386.0	544.0	9.15512	17.2454	2.0	2.0
6134.0	67386.0	560.0	9.2738	17.6431	2.0	2.0
6134.0	67386.0	604.0	6.44901	16.1968	1.0	2.0
6134.0	67386.0	608.0	8.4287	17.7517	1.0	2.0
6134.0	67386.0	615.0	6.0222	16.0561	1.0	2.0
6134.0	67386.0	698.0	9.27727	19.3272	1.0	2.0
6134.0	67386.0	787.0	8.23002	15.0275	1.0	2.0
6134.0	67386.0	797.0	10.3344	18.9281	1.0	2.0
6134.0	67386.0	852.0	6.03669	15.7489	2.0	2.0
6134.0	67386.0	897.0	7.78922	18.0443	1.0	2.0
6134.0	67386.0	934.0	6.44718	16.5101	1.0	2.0
6134.0	67386.0	959.0	5.09301	17.4251	1.0	2.0
6134.0	67386.0	962.0	9.14532	14.6543	1.0	2.0
6134.0	67386.0	994.0	5.11124	17.8675	1.0	2.0
6134.0	67386.0	1030.0	8.8933	15.5984	1.0	2.0
6134.0	67386.0	1113.0	10.0547	18.9834	1.0	2.0
6134.0	67386.0	1149.0	8.39925	17.6225	1.0	2.0
6134.0	67386.0	1196.0	6.48683	16.232	1.0	2.0
6134.0	67386.0	1215.0	7.12844	17.3553	1.0	2.0
6134.0	67386.0	1329.0	8.47868	18.4039	2.0	2.0
7319.0	60945.0	70.0	7.55548	16.3904	1.0	2.0
7319.0	60945.0	71.0	9.21439	15.8131	2.0	2.0
7319.0	60945.0	136.0	8.8082	15.533	1.0	2.0
7319.0	60945.0	149.0	6.57566	16.2189	1.0	2.0
7319.0	60945.0	198.0	10.0762	19.5474	1.0	2.0
7319.0	60945.0	210.0	7.40374	17.5589	1.0	2.0
7319.0	60945.0	306.0	8.359	18.634	2.0	2.0
7319.0	60945.0	537.0	7.59628	18.1607	1.0	2.0
7319.0	60945.0	544.0	9.15512	17.2454	2.0	2.0
7319.0	60945.0	560.0	9.2738	17.6431	2.0	2.0
7319.0	60945.0	604.0	6.44901	16.1968	1.0	2.0
7319.0	60945.0	608.0	8.4287	17.7517	1.0	2.0
7319.0	60945.0	615.0	6.0222	16.0561	1.0	2.0
7319.0	60945.0	698.0	9.27727	19.3272	1.0	2.0
7319.0	60945.0	787.0	8.23002	15.0275	1.0	2.0
7319.0	60945.0	797.0	10.3344	18.9281	1.0	2.0
7319.0	60945.0	852.0	6.03669	15.7489	2.0	2.0
7319.0	60945.0	897.0	7.78922	18.0443	1.0	2.0
7319.0	60945.0	934.0	6.44718	16.5101	1.0	2.0
7319.0	60945.0	959.0	5.09301	17.4251	1.0	2.0
7319.0	60945.0	962.0	9.14532	14.6543	1.0	2.0
7319.0	60945.0	994.0	5.11124	17.8675	1.0	2.0
7319.0	60945.0	1030.0	8.8933	15.5984	1.0	2.0
7319.0	60945.0	1113.0	10.0547	18.9834	1.0	2.0
7319.0	60945.0	1149.0	8.39925	17.6225	1.0	2.0
7319.0	60945.0	1196.0	6.48683	16.232	1.0	2.0
7319.0	60945.0	1215.0	7.12844	17.3553	1.0	2.0
7319.0	60945.0	1329.0	8.47868	18.4039	2.0	2.0
9197.0	237712.0	5.0	17.5529	1.12945	1.0	2.0
9197.0	237712.0	82.0	15.367	3.1875	1.0	2.0
9197.0	237712.0	88.0	16.4286	1.37419	1.0	2.0
9197.0	237712.0	147.0	18.1932	1.84041	1.0	2.0
9197.0	237712.0	225.0	14.8774	1.75018	2.0	2.0
9197.0	237712.0	247.0	16.7782	1.52893	1.0	2.0
9197.0	237712.0	253.0	17.9475	1.06964	1.0	2.0
9197.0	237712.0	258.0	18.1967	1.19475	1.0	2.0
9197.0	237712.0	259.0	15.5855	3.90001	1.0	2.0
9197.0	237712.0	429.0	18.7405	1.92128	1.0	2.0
9197.0	237712.0	433.0	15.4778	1.19854	2.0	2.0
9197.0	237712.0	462.0	16.4146	2.85459	1.0	2.0
9197.0	237712.0	463.0	16.8577	2.46721	1.0	2.0
9197.0	237712.0	511.0	16.1359	3.95081	1.0	2.0
9197.0	237712.0	572.0	15.3319	2.10826	2.0	2.0
9197.0	237712.0	593.0	15.2438	2.64946	1.0	2.0
9197.0	237712.0	792.0	15.6455	3.85537	1.0	2.0
9197.0	237712.0	794.0	16.4017	1.73806	2.0	2.0
9197.0	237712.0	1067.0	18.2561	0.93938	1.0	2.0
9197.0	237712.0	1175.0	15.5422	3.76647	1.0	2.0
9197.0	237712.0	1227.0	15.8418	0.457699	1.0	2.0
9197.0	237712.0	1228.0	15.8448	4.10477	1.0	2.0
9197.0	237712.0	1307.0	15.3432	1.20371	2.0	2.0
9197.0	237712.0	1310.0	15.5986	1.02787	2.0	2.0
9197.0	237712.0	1355.0	16.5639	2.99052	1.0	2.0
9355.0	160595.0	27.0	13.5436	23.2065	1.0	2.0
9355.0	160595.0	62.0	14.9643	22.3275	1.0	2.0
9355.0	160595.0	83.0	12.054	23.0426	2.0	2.0
9355.0	160595.0	269.0	13.3287	21.8156	1.0	2.0
9355.0	160595.0	283.0	11.9093	22.3324	2.0	2.0
9355.0	160595.0	392.0	12.6961	22.5214	1.0	2.0
9355.0	160595.0	393.0	12.723	23.1601	1.0	2.0
9355.0	160595.0	408.0	10.2143	23.7274	1.0	2.0
9355.0	160595.0	439.0	12.6839	23.2711	2.0	2.0
9355.0	160595.0	536.0	12.0977	21.7382	1.0	2.0
9355.0	160595.0	556.0	11.8997	22.6367	2.0	2.0
9355.0	160595.0	582.0	13.8119	23.2188	2.0	2.0
9355.0	160595.0	598.0	12.4456	21.2739	2.0	2.0
9355.0	160595.0	646.0	12.195	22.2434	1.0	2.0
9355.0	160595.0	782.0	14.1988	21.8278	1.0	2.0
9355.0	160595.0	883.0	14.7931	22.6209	1.0	2.0
9355.0	160595.0	884.0	15.954	22.0778	1.0	2.0
9355.0	160595.0	937.0	12.9675	22.8642	1.0	2.0
9355.0	160595.0	1039.0	12.53	23.376	2.0	2.0
9355.0	160595.0	1095.0	12.0927	23.2651	1.0	2.0
9355.0	160595.0	1151.0	12.2635	23.8845	2.0	2.0
9355.0	160595.0	1216.0	11.9615	21.6644	2.0	2.0
7522.0	276679.0	15.0	12.1871	15.8865	1.0	2.0
7522.0	276679.0	70.0	7.55548	16.3904	2.0	2.0
7522.0	276679.0	131.0	5.48708	12.7636	1.0	2.0
7522.0	276679.0	149.0	6.57566	16.2189	2.0	2.0
7522.0	276679.0	190.0	2.54239	20.7045	1.0	2.0
7522.0	276679.0	256.0	7.23855	16.0012	1.0	2.0
7522.0	276679.0	261.0	6.47595	14.6919	1.0	2.0
7522.0	276679.0	330.0	4.89952	11.6385	1.0	2.0
7522.0	276679.0	391.0	5.72506	17.7246	1.0	2.0
7522.0	276679.0	469.0	5.74769	12.963	1.0	2.0
7522.0	276679.0	530.0	10.2122	16.156	1.0	2.0
7522.0	276679.0	540.0	5.97783	13.9192	1.0	2.0
7522.0	276679.0	581.0	5.16821	11.5914	1.0	2.0
7522.0	276679.0	604.0	6.44901	16.1968	1.0	2.0
7522.0	276679.0	615.0	6.0222	16.0561	1.0	2.0
7522.0	276679.0	644.0	2.83447	19.4399	2.0	2.0
7522.0	276679.0	673.0	10.4177	16.7326	1.0	2.0
7522.0	276679.0	852.0	6.03669	15.7489	2.0	2.0
7522.0	276679.0	934.0	6.44718	16.5101	1.0	2.0
7522.0	276679.0	954.0	6.60158	15.6955	2.0	2.0
7522.0	276679.0	994.0	5.11124	17.8675	1.0	2.0
7522.0	276679.0	1024.0	5.86726	12.513	1.0	2.0
7522.0	276679.0	1196.0	6.48683	16.232	2.0	2.0
7522.0	276679.0	1340.0	5.67376	16.556	1.0	2.0
8896.0	30076.0	2.0	21.2203	21.5607	2.0	2.0
8896.0	30076.0	7.0	21.9131	21.3305	2.0	2.0
8896.0	30076.0	222.0	21.2644	20.3752	2.0	2.0
8896.0	30076.0	551.0	21.512	21.0399	2.0	2.0
8896.0	30076.0	576.0	21.9192	20.3457	1.0	2.0
8896.0	30076.0	619.0	21.3416	20.2949	1.0	2.0
8896.0	30076.0	803.0	22.8227	21.5894	1.0	2.0
8896.0	30076.0	909.0	20.4684	21.3759	1.0	2.0
8896.0	30076.0	971.0	21.5403	18.4379	1.0	2.0
8896.0	30076.0	1070.0	21.7873	20.3953	2.0	2.0
8896.0	30076.0	1100.0	21.2082	21.7344	1.0	2.0
8896.0	30076.0	1108.0	21.2467	21.371	2.0	2.0
8896.0	30076.0	1164.0	21.6775	20.0604	2.0	2.0
8896.0	30076.0	1189.0	21.1965	20.5645	2.0	2.0
8896.0	30076.0	1223.0	21.7732	21.3983	2.0	2.0
8896.0	30076.0	1224.0	21.0138	21.2536	1.0	2.0
8896.0	30076.0	1281.0	22.4369	21.1908	1.0	2.0
8896.0	30076.0	1350.0	22.6126	21.577	1.0	2.0
6394.0	309730.0	89.0	1.55787	7.41673	1.0	2.0
6394.0	309730.0	431.0	1.96261	8.02227	1.0	2.0
6394.0	309730.0	503.0	2.25745	7.42819	2.0	2.0
6394.0	309730.0	535.0	1.61281	8.13484	2.0	2.0
6394.0	309730.0	584.0	2.04923	7.88208	1.0	2.0
6394.0	309730.0	651.0	1.39539	8.27525	2.0	2.0
6394.0	309730.0	652.0	1.22125	7.70573	1.0	2.0
6394.0	309730.0	692.0	1.4244	7.062	1.0	2.0
6394.0	309730.0	838.0	1.86695	8.191	2.0	2.0
6394.0	309730.0	847.0	1.27303	7.72383	2.0	2.0
6394.0	309730.0	942.0	1.74966	8.18671	2.0	2.0
6394.0	309730.0	1032.0	2.10958	7.99691	2.0	2.0
6394.0	309730.0	1190.0	1.42784	7.6753	2.0	2.0
6394.0	309730.0	1202.0	1.57115	7.39974	2.0	2.0
6394.0	309730.0	1218.0	1.12585	8.44404	2.0	2.0
8092.0	35945.0	69.0	6.6127	3.37196	1.0	2.0
8092.0	35945.0	110.0	7.04743	5.64874	1.0	2.0
8092.0	35945.0	120.0	6.36908	2.44906	1.0	2.0
8092.0	35945.0	212.0	6.51931	1.47423	1.0	2.0
8092.0	35945.0	278.0	4.29335	1.4101	1.0	2.0
8092.0	35945.0	307.0	5.21758	2.16854	1.0	2.0
8092.0	35945.0	412.0	7.29662	5.72808	1.0	2.0
8092.0	35945.0	421.0	4.46499	1.81787	1.0	2.0
8092.0	35945.0	427.0	7.22469	2.23761	1.0	2.0
8092.0	35945.0	454.0	6.50949	3.40147	1.0	2.0
8092.0	35945.0	517.0	6.60967	3.47698	1.0	2.0
8092.0	35945.0	520.0	6.57972	1.60283	1.0	2.0
8092.0	35945.0	543.0	4.40077	1.94999	1.0	2.0
8092.0	35945.0	620.0	4.53933	3.29608	1.0	2.0
8092.0	35945.0	947.0	6.78337	3.33501	1.0	2.0
8092.0	35945.0	1021.0	4.4325	2.57625	1.0	2.0
8092.0	35945.0	1142.0	6.90045	3.13448	1.0	2.0
8092.0	35945.0	1143.0	6.76352	3.60322	2.0	2.0
8092.0	35945.0	1172.0	7.55162	5.17917	2.0	2.0
8092.0	35945.0	1241.0	4.15956	0.855875	1.0	2.0
8092.0	35945.0	1342.0	4.15493	1.79833	1.0	2.0
8092.0	35945.0	1365.0	6.04593	2.59825	1.0	2.0
9558.0	384265.0	59.0	15.7252	18.7378	2.0	2.0
9558.0	384265.0	160.0	15.3176	19.4749	1.0	2.0
9558.0	384265.0	197.0	15.9455	18.6203	2.0	2.0
9558.0	384265.0	289.0	16.156	19.6096	1.0	2.0
9558.0	384265.0	350.0	15.1952	17.7601	1.0	2.0
9558.0	384265.0	487.0	15.1662	18.6633	2.0	2.0
9558.0	384265.0	655.0	16.849	18.157	1.0	2.0
9558.0	384265.0	850.0	15.4796	18.2485	2.0	2.0
9558.0	384265.0	898.0	16.0047	17.7125	1.0	2.0
9558.0	384265.0	952.0	15.8444	18.7416	2.0	2.0
9558.0	384265.0	1118.0	15.5951	18.9502	2.0	2.0
9558.0	384265.0	1176.0	14.9958	18.2881	2.0	2.0
9558.0	384265.0	1265.0	16.4112	19.462	1.0	2.0
9558.0	384265.0	1282.0	16.4318	18.5579	2.0	2.0
9047.0	493148.0	55.0	1.36465	24.8128	1.0	2.0
9047.0	493148.0	95.0	1.71835	23.4401	1.0	2.0
9047.0	493148.0	103.0	3.02998	23.9854	1.0	2.0
9047.0	493148.0	140.0	3.28022	23.7655	2.0	2.0
9047.0	493148.0	183.0	1.92623	23.4149	1.0	2.0
9047.0	493148.0	448.0	1.99413	23.3795	2.0	2.0
9047.0	493148.0	480.0	2.60532	24.6878	1.0	2.0
9047.0	493148.0	552.0	2.54157	23.5889	2.0	2.0
9047.0	493148.0	594.0	0.707371	24.858	1.0	2.0
9047.0	493148.0	601.0	1.74033	23.8651	2.0	2.0
9047.0	493148.0	724.0	0.74941	24.47	1.0	2.0
9047.0	493148.0	725.0	0.999533	24.5633	1.0	2.0
9047.0	493148.0	843.0	3.74251	23.9253	2.0	2.0
9047.0	493148.0	891.0	3.16593	24.155	2.0	2.0
9047.0	493148.0	1322.0	2.08378	23.6883	1.0	2.0
6749.0	192105.0	41.0	19.9202	8.21872	2.0	2.0
6749.0	192105.0	184.0	20.0428	10.6306	2.0	2.0
6749.0	192105.0	443.0	19.5855	9.37596	2.0	2.0
6749.0	192105.0	660.0	20.8789	8.17057	1.0	2.0
6749.0	192105.0	672.0	17.9478	10.674	1.0	2.0
6749.0	192105.0	810.0	17.7073	10.4888	2.0	2.0
6749.0	192105.0	825.0	19.8724	8.36432	1.0	2.0
6749.0	192105.0	921.0	19.8882	10.4174	1.0	2.0
6749.0	192105.0	1054.0	17.7817	10.3438	2.0	2.0
6749.0	192105.0	1248.0	19.7692	8.5285	2.0	2.0
6749.0	192105.0	1249.0	19.9597	8.40392	1.0	2.0
6749.0	192105.0	1266.0	18.2406	10.3018	1.0	2.0
6749.0	192105.0	1304.0	18.8378	9.83786	2.0	2.0
9179.0	105737.0	87.0	21.6483	4.16451	1.0	2.0
9179.0	105737.0	108.0	23.2748	5.99415	1.0	2.0
9179.0	105737.0	153.0	19.823	7.1213	2.0	2.0
9179.0	105737.0	167.0	20.682	8.62785	1.0	2.0
9179.0	105737.0	280.0	22.6393	4.50116	1.0	2.0
9179.0	105737.0	566.0	21.922	8.93737	1.0	2.0
9179.0	105737.0	573.0	22.1559	7.61219	1.0	2.0
9179.0	105737.0	640.0	19.8662	6.76432	1.0	2.0
9179.0	105737.0	660.0	20.8789	8.17057	1.0	2.0
9179.0	105737.0	676.0	20.2532	8.89849	1.0	2.0
9179.0	105737.0	896.0	23.1592	6.02609	1.0	2.0
9179.0	105737.0	935.0	20.1321	9.23215	1.0	2.0
9179.0	105737.0	982.0	22.3961	7.67531	1.0	2.0
9179.0	105737.0	1008.0	21.3643	8.66639	1.0	2.0
9179.0	105737.0	1013.0	19.892	6.67742	2.0	2.0
9179.0	105737.0	1121.0	22.1639	7.16545	2.0	2.0
9179.0	105737.0	1252.0	21.5846	6.84498	1.0	2.0
8694.0	203952.0	11.0	3.86314	20.5366	2.0	2.0
8694.0	203952.0	38.0	2.38422	16.7722	1.0	2.0
8694.0	203952.0	65.0	4.45808	20.9997	1.0	2.0
8694.0	203952.0	214.0	4.13984	18.4035	1.0	2.0
8694.0	203952.0	291.0	2.5819	19.3362	1.0	2.0
8694.0	203952.0	324.0	5.47986	18.6392	2.0	2.0
8694.0	203952.0	325.0	5.10009	20.9009	1.0	2.0
8694.0	203952.0	352.0	5.42323	19.1083	1.0	2.0
8694.0	203952.0	574.0	5.51476	18.4889	2.0	2.0
8694.0	203952.0	644.0	2.83447	19.4399	1.0	2.0
8694.0	203952.0	653.0	2.42343	15.88	1.0	2.0
8694.0	203952.0	719.0	5.31232	18.6905	1.0	2.0
8694.0	203952.0	824.0	3.79644	19.0827	1.0	2.0
8694.0	203952.0	979.0	4.35186	18.5304	1.0	2.0
8694.0	203952.0	1120.0	2.32662	17.659	1.0	2.0
8694.0	203952.0	1182.0	5.28841	19.1853	1.0	2.0
8950.0	474676.0	39.0	13.6627	2.87332	1.0	2.0
8950.0	474676.0	164.0	13.3058	3.38531	1.0	2.0
8950.0	474676.0	237.0	13.0547	1.62246	2.0	2.0
8950.0	474676.0	341.0	14.4961	2.89071	1.0	2.0
8950.0	474676.0	359.0	13.9599	4.70324	2.0	2.0
8950.0	474676.0	451.0	12.9436	2.65142	1.0	2.0
8950.0	474676.0	525.0	12.2579	1.47037	1.0	2.0
8950.0	474676.0	632.0	13.238	3.06291	1.0	2.0
8950.0	474676.0	663.0	15.0305	4.94472	1.0	2.0
8950.0	474676.0	680.0	11.3334	0.505156	1.0	2.0
8950.0	474676.0	773.0	11.9789	0.347091	1.0	2.0
8950.0	474676.0	839.0	15.0524	4.58995	1.0	2.0
8950.0	474676.0	1084.0	13.4457	4.54729	1.0	2.0
8950.0	474676.0	1290.0	14.1871	4.71362	1.0	2.0
8950.0	474676.0	1356.0	15.1203	4.56115	1.0	2.0
6851.0	360541.0	281.0	17.7873	14.8233	2.0	2.0
6851.0	360541.0	293.0	17.9532	15.7054	2.0	2.0
6851.0	360541.0	294.0	17.8865	14.9171	1.0	2.0
6851.0	360541.0	466.0	17.5493	17.0459	1.0	2.0
6851.0	360541.0	483.0	14.5501	16.2372	1.0	2.0
6851.0	360541.0	596.0	16.7116	17.5113	1.0	2.0
6851.0	360541.0	690.0	17.9299	15.7024	2.0	2.0
6851.0	360541.0	735.0	14.117	15.8663	1.0	2.0
6851.0	360541.0	750.0	17.8907	14.9404	1.0	2.0
6851.0	360541.0	832.0	17.3933	17.4202	1.0	2.0
6851.0	360541.0	964.0	17.9655	15.3271	1.0	2.0
6851.0	360541.0	1114.0	18.2382	14.5551	1.0	2.0
6851.0	360541.0	1288.0	16.201	17.4067	1.0	2.0
6851.0	360541.0	1326.0	18.2615	15.1055	1.0	2.0
9136.0	488514.0	326.0	7.54367	11.3023	1.0	2.0
9136.0	488514.0	410.0	7.21275	9.76053	1.0	2.0
9136.0	488514.0	432.0	7.13446	10.276	2.0	2.0
9136.0	488514.0	539.0	6.96344	10.2736	1.0	2.0
9136.0	488514.0	723.0	6.96766	10.3811	2.0	2.0
9136.0	488514.0	911.0	7.88235	10.9047	2.0	2.0
9136.0	488514.0	940.0	7.84276	10.1364	1.0	2.0
9136.0	488514.0	949.0	6.75963	10.1299	1.0	2.0
9136.0	488514.0	1230.0	7.26189	10.6393	2.0	2.0
9136.0	488514.0	1231.0	6.66091	10.3761	2.0	2.0
9136.0	488514.0	1234.0	7.93564	10.7765	1.0	2.0
9521.0	117557.0	431.0	1.96261	8.02227	2.0	2.0
9521.0	117557.0	535.0	1.61281	8.13484	2.0	2.0
9521.0	117557.0	584.0	2.04923	7.88208	1.0	2.0
9521.0	117557.0	651.0	1.39539	8.27525	1.0	2.0
9521.0	117557.0	652.0	1.22125	7.70573	1.0	2.0
9521.0	117557.0	838.0	1.86695	8.191	1.0	2.0
9521.0	117557.0	847.0	1.27303	7.72383	1.0	2.0
9521.0	117557.0	942.0	1.74966	8.18671	1.0	2.0
9521.0	117557.0	1032.0	2.10958	7.99691	1.0	2.0
9521.0	117557.0	1190.0	1.42784	7.6753	1.0	2.0
9521.0	117557.0	1202.0	1.57115	7.39974	2.0	2.0
9521.0	117557.0	1218.0	1.12585	8.44404	2.0	2.0
9156.0	196821.0	153.0	19.823	7.1213	1.0	2.0
9156.0	196821.0	167.0	20.682	8.62785	1.0	2.0
9156.0	196821.0	313.0	21.8697	8.50847	2.0	2.0
9156.0	196821.0	566.0	21.922	8.93737	1.0	2.0
9156.0	196821.0	589.0	21.4711	7.20344	1.0	2.0
9156.0	196821.0	640.0	19.8662	6.76432	1.0	2.0
9156.0	196821.0	676.0	20.2532	8.89849	1.0	2.0
9156.0	196821.0	765.0	21.5202	7.59635	1.0	2.0
9156.0	196821.0	935.0	20.1321	9.23215	1.0	2.0
9156.0	196821.0	1008.0	21.3643	8.66639	1.0	2.0
9156.0	196821.0	1013.0	19.892	6.67742	1.0	2.0
9156.0	196821.0	1147.0	21.4859	7.56037	1.0	2.0
9156.0	196821.0	1308.0	21.4708	8.39059	2.0	2.0
8806.0	145224.0	43.0	12.7891	7.14077	1.0	2.0
8806.0	145224.0	319.0	12.9501	7.15497	1.0	2.0
8806.0	145224.0	405.0	12.398	7.33022	2.0	2.0
8806.0	145224.0	434.0	13.1286	6.74346	1.0	2.0
8806.0	145224.0	541.0	12.7978	6.61805	2.0	2.0
8806.0	145224.0	542.0	13.4875	6.40435	1.0	2.0
8806.0	145224.0	749.0	9.46683	6.46559	1.0	2.0
8806.0	145224.0	879.0	12.0109	6.0943	1.0	2.0
8806.0	145224.0	1018.0	12.5393	6.68685	1.0	2.0
8806.0	145224.0	1141.0	8.51702	7.95664	1.0	2.0
8806.0	145224.0	1262.0	12.5296	6.76018	1.0	2.0
8806.0	145224.0	1305.0	13.2093	6.5006	1.0	2.0
8806.0	145224.0	1321.0	12.1894	7.72899	1.0	2.0
8136.0	443118.0	20.0	0.546958	21.2751	2.0	2.0
8136.0	443118.0	38.0	2.38422	16.7722	1.0	2.0
8136.0	443118.0	189.0	0.768636	22.17	2.0	2.0
8136.0	443118.0	190.0	2.54239	20.7045	1.0	2.0
8136.0	443118.0	291.0	2.5819	19.3362	1.0	2.0
8136.0	443118.0	457.0	1.37144	20.845	2.0	2.0
8136.0	443118.0	653.0	2.42343	15.88	1.0	2.0
8136.0	443118.0	707.0	1.42785	20.6621	2.0	2.0
8136.0	443118.0	1019.0	1.74625	20.7363	2.0	2.0
9739.0	181948.0	269.0	13.3287	21.8156	1.0	2.0
9739.0	181948.0	365.0	14.0928	22.4364	1.0	2.0
9739.0	181948.0	400.0	13.0651	22.2627	1.0	2.0
9739.0	181948.0	419.0	14.6516	22.3743	1.0	2.0
9739.0	181948.0	516.0	13.6651	21.8791	1.0	2.0
9739.0	181948.0	699.0	13.7106	21.8258	1.0	2.0
9739.0	181948.0	782.0	14.1988	21.8278	1.0	2.0
9739.0	181948.0	883.0	14.7931	22.6209	1.0	2.0
9739.0	181948.0	1050.0	14.1568	21.6754	1.0	2.0
9739.0	181948.0	1051.0	14.8559	22.2299	2.0	2.0
9739.0	181948.0	1197.0	13.121	21.9214	2.0	2.0
9739.0	181948.0	1198.0	13.6419	21.4519	1.0	2.0
9016.0	361515.0	161.0	14.9067	13.2967	1.0	2.0
9016.0	361515.0	308.0	16.9858	12.3241	1.0	2.0
9016.0	361515.0	455.0	17.4647	12.4281	2.0	2.0
9016.0	361515.0	565.0	17.3784	12.6318	1.0	2.0
9016.0	361515.0	571.0	17.2524	11.9975	1.0	2.0
9016.0	361515.0	616.0	17.2172	11.8304	2.0	2.0
9016.0	361515.0	788.0	17.205	12.5918	2.0	2.0
9016.0	361515.0	895.0	17.1314	11.6008	1.0	2.0
9016.0	361515.0	933.0	17.4423	11.7178	1.0	2.0
9016.0	361515.0	1277.0	17.6486	11.9794	1.0	2.0
9073.0	492755.0	133.0	2.8816	8.81678	2.0	2.0
9073.0	492755.0	246.0	2.99829	8.42863	2.0	2.0
9073.0	492755.0	414.0	2.97604	9.09249	2.0	2.0
9073.0	492755.0	579.0	3.7322	7.26243	1.0	2.0
9073.0	492755.0	953.0	3.80005	7.79333	1.0	2.0
9073.0	492755.0	1015.0	4.18917	8.81754	1.0	2.0
9073.0	492755.0	1157.0	2.74206	9.36772	1.0	2.0
9073.0	492755.0	1300.0	2.85879	8.61975	2.0	2.0
9109.0	76488.0	132.0	13.986	14.7882	2.0	2.0
9109.0	76488.0	207.0	14.1498	15.9544	1.0	2.0
9109.0	76488.0	304.0	15.0144	16.2642	1.0	2.0
9109.0	76488.0	607.0	13.9636	14.3636	1.0	2.0
9109.0	76488.0	631.0	13.0756	15.0515	1.0	2.0
9109.0	76488.0	829.0	13.9217	16.2086	1.0	2.0
9109.0	76488.0	1035.0	13.3111	16.2399	1.0	2.0
9109.0	76488.0	1102.0	13.391	16.2226	2.0	2.0
9109.0	76488.0	1221.0	13.6052	16.2878	1.0	2.0
8946.0	132952.0	66.0	9.27271	20.6255	2.0	2.0
8946.0	132952.0	72.0	10.9858	19.8947	1.0	2.0
8946.0	132952.0	78.0	9.51842	19.9798	2.0	2.0
8946.0	132952.0	226.0	9.59163	21.3413	1.0	2.0
8946.0	132952.0	662.0	8.65747	20.9074	1.0	2.0
8946.0	132952.0	857.0	10.3718	21.1933	2.0	2.0
8946.0	132952.0	1072.0	9.23382	21.054	1.0	2.0
8946.0	132952.0	1303.0	9.81175	20.4824	1.0	2.0
9500.0	408065.0	202.0	4.16192	13.4243	1.0	2.0
9500.0	408065.0	261.0	6.47595	14.6919	1.0	2.0
9500.0	408065.0	288.0	5.78339	14.6115	1.0	2.0
9500.0	408065.0	647.0	4.84185	15.2142	2.0	2.0
9500.0	408065.0	752.0	4.58966	15.0846	1.0	2.0
9500.0	408065.0	1061.0	4.57585	14.5408	1.0	2.0
9500.0	408065.0	1201.0	4.72872	14.9202	2.0	2.0
9500.0	408065.0	1250.0	4.64867	15.1586	2.0	2.0
9477.0	253727.0	54.0	22.8724	18.148	1.0	2.0
9477.0	253727.0	129.0	22.1945	17.7642	1.0	2.0
9477.0	253727.0	367.0	20.3792	17.434	1.0	2.0
9477.0	253727.0	460.0	22.1943	16.881	1.0	2.0
9477.0	253727.0	590.0	20.9583	18.1737	1.0	2.0
9477.0	253727.0	766.0	23.3946	17.9794	1.0	2.0
9477.0	253727.0	778.0	23.1455	18.3632	1.0	2.0
9477.0	253727.0	846.0	21.4087	16.6506	1.0	2.0
9477.0	253727.0	961.0	22.4932	18.2033	1.0	2.0
9477.0	253727.0	1090.0	21.8718	15.9015	1.0	2.0
9477.0	253727.0	1268.0	19.753	17.5773	1.0	2.0
9752.0	116955.0	404.0	13.1741	4.05219	1.0	2.0
9752.0	116955.0	496.0	13.1396	3.54348	2.0	2.0
9752.0	116955.0	602.0	13.4506	3.80363	1.0	2.0
9752.0	116955.0	945.0	13.5426	3.74739	2.0	2.0
9752.0	116955.0	946.0	13.306	3.55908	2.0	2.0
9752.0	116955.0	1291.0	13.4622	3.14183	1.0	2.0
9752.0	116955.0	1292.0	13.545	2.9177	1.0	2.0
9607.0	429607.0	137.0	15.4326	15.6426	2.0	2.0
9607.0	429607.0	304.0	15.0144	16.2642	2.0	2.0
9607.0	429607.0	483.0	14.5501	16.2372	2.0	2.0
9607.0	429607.0	735.0	14.117	15.8663	2.0	2.0
9607.0	429607.0	991.0	15.4483	15.9551	2.0	2.0
8923.0	412391.0	170.0	19.9372	2.61634	1.0	2.0
8923.0	412391.0	253.0	17.9475	1.06964	1.0	2.0
8923.0	412391.0	258.0	18.1967	1.19475	1.0	2.0
8923.0	412391.0	364.0	19.5807	2.51106	1.0	2.0
8923.0	412391.0	375.0	20.3109	2.48009	1.0	2.0
8923.0	412391.0	401.0	17.6263	1.68945	1.0	2.0
8923.0	412391.0	798.0	19.7433	2.081	1.0	2.0
8923.0	412391.0	1067.0	18.2561	0.93938	1.0	2.0
8923.0	412391.0	1073.0	20.0545	3.31275	1.0	2.0
9677.0	368265.0	113.0	19.7716	17.2849	1.0	2.0
9677.0	368265.0	367.0	20.3792	17.434	1.0	2.0
9677.0	368265.0	369.0	20.311	17.33	1.0	2.0
9677.0	368265.0	465.0	20.5254	16.5919	1.0	2.0
9677.0	368265.0	670.0	20.4851	17.8881	1.0	2.0
9677.0	368265.0	890.0	20.9561	17.9905	1.0	2.0
9677.0	368265.0	1268.0	19.753	17.5773	2.0	2.0
9711.0	125748.0	87.0	21.6483	4.16451	1.0	2.0
9711.0	125748.0	218.0	21.3518	2.93266	1.0	2.0
9711.0	125748.0	280.0	22.6393	4.50116	1.0	2.0
9711.0	125748.0	284.0	20.8456	3.91678	1.0	2.0
9711.0	125748.0	387.0	22.0567	4.75466	2.0	2.0
9711.0	125748.0	777.0	22.468	2.9137	1.0	2.0
9711.0	125748.0	806.0	21.6687	2.48976	1.0	2.0
9728.0	419193.0	200.0	18.5971	7.97051	1.0	2.0
9728.0	419193.0	300.0	17.872	8.38618	1.0	2.0
9728.0	419193.0	523.0	18.4497	5.77911	1.0	2.0
9728.0	419193.0	726.0	17.8909	8.49844	1.0	2.0
9728.0	419193.0	732.0	18.2381	8.12035	1.0	2.0
9728.0	419193.0	828.0	17.4748	8.48838	1.0	2.0
9728.0	419193.0	1336.0	18.3149	8.12387	1.0	2.0
7959.0	133155.0	283.0	11.9093	22.3324	1.0	2.0
7959.0	133155.0	536.0	12.0977	21.7382	1.0	2.0
7959.0	133155.0	556.0	11.8997	22.6367	2.0	2.0
7959.0	133155.0	598.0	12.4456	21.2739	1.0	2.0
7959.0	133155.0	646.0	12.195	22.2434	1.0	2.0
7959.0	133155.0	1216.0	11.9615	21.6644	1.0	2.0
8648.0	323957.0	72.0	10.9858	19.8947	2.0	2.0
8648.0	323957.0	232.0	11.8059	20.2407	1.0	2.0
8648.0	323957.0	483.0	14.5501	16.2372	1.0	2.0
8648.0	323957.0	521.0	12.1843	19.9192	1.0	2.0
8648.0	323957.0	735.0	14.117	15.8663	1.0	2.0
8648.0	323957.0	984.0	12.5882	20.3022	1.0	2.0
9694.0	42464.0	10.0	10.4837	17.0005	1.0	2.0
9694.0	42464.0	530.0	10.2122	16.156	1.0	2.0
9694.0	42464.0	600.0	10.1786	16.1691	1.0	2.0
9694.0	42464.0	673.0	10.4177	16.7326	1.0	2.0
9694.0	42464.0	801.0	9.98453	16.7814	1.0	2.0
9694.0	42464.0	956.0	10.0584	16.6111	1.0	2.0
9694.0	42464.0	1237.0	10.0624	16.7709	1.0	2.0
9576.0	212462.0	530.0	10.2122	16.156	1.0	2.0
9576.0	212462.0	600.0	10.1786	16.1691	1.0	2.0
9576.0	212462.0	801.0	9.98453	16.7814	1.0	2.0
9576.0	212462.0	956.0	10.0584	16.6111	1.0	2.0
9576.0	212462.0	1237.0	10.0624	16.7709	2.0	2.0
9662.0	321745.0	245.0	1.631	17.7326	1.0	2.0
9662.0	321745.0	739.0	1.13076	17.9962	2.0	2.0
9662.0	321745.0	740.0	1.75511	18.5241	2.0	2.0
9662.0	321745.0	1001.0	1.61171	17.9547	1.0	2.0
9626.0	260123.0	270.0	21.7844	22.2429	2.0	2.0
9626.0	260123.0	358.0	22.8805	22.0105	2.0	2.0
9626.0	260123.0	595.0	22.638	22.1497	1.0	2.0
9626.0	260123.0	993.0	22.9075	22.4762	1.0	2.0
9499.0	426140.0	181.0	1.01591	16.6324	1.0	2.0
9499.0	426140.0	514.0	1.29735	16.0819	2.0	2.0
9499.0	426140.0	1025.0	1.36323	16.1635	2.0	2.0
9499.0	426140.0	1087.0	1.61503	16.5329	1.0	2.0
9549.0	362511.0	55.0	1.36465	24.8128	1.0	2.0
9549.0	362511.0	95.0	1.71835	23.4401	1.0	2.0
9549.0	362511.0	183.0	1.92623	23.4149	1.0	2.0
9549.0	362511.0	448.0	1.99413	23.3795	1.0	2.0
9549.0	362511.0	725.0	0.999533	24.5633	1.0	2.0
9772.0	259707.0	563.0	4.06054	2.22307	1.0	2.0
9772.0	259707.0	664.0	4.22134	2.96613	1.0	2.0
9772.0	259707.0	774.0	4.5669	3.2286	1.0	2.0
9772.0	259707.0	1165.0	4.61149	2.52593	1.0	2.0
9772.0	259707.0	1342.0	4.15493	1.79833	1.0	2.0
9504.0	256522.0	449.0	2.58477	16.2656	2.0	2.0
9504.0	256522.0	518.0	3.465	14.0862	1.0	2.0
9504.0	256522.0	653.0	2.42343	15.88	1.0	2.0
9504.0	256522.0	671.0	3.01929	15.581	1.0	2.0
9734.0	77439.0	93.0	0.847127	17.1548	1.0	2.0
9734.0	77439.0	292.0	0.555999	17.1547	2.0	2.0
9734.0	77439.0	745.0	0.760062	16.9633	2.0	2.0
9690.0	399578.0	405.0	12.398	7.33022	1.0	2.0
9690.0	399578.0	597.0	11.8454	9.25367	1.0	2.0
9690.0	399578.0	1020.0	11.7944	8.92754	1.0	2.0
9690.0	399578.0	1232.0	11.8462	8.9961	1.0	2.0
9690.0	399578.0	1321.0	12.1894	7.72899	1.0	2.0
9757.0	258822.0	241.0	5.61635	22.0804	1.0	2.0
9757.0	258822.0	312.0	4.85446	21.1772	1.0	2.0
9757.0	258822.0	835.0	4.5253	20.8816	1.0	2.0
9757.0	258822.0	1128.0	5.3922	21.9483	1.0	2.0
9757.0	258822.0	1306.0	5.32251	22.1065	1.0	2.0
9679.0	111066.0	600.0	10.1786	16.1691	1.0	2.0
9679.0	111066.0	801.0	9.98453	16.7814	2.0	2.0
9679.0	111066.0	956.0	10.0584	16.6111	1.0	2.0
9766.0	256141.0	775.0	8.61577	0.498889	1.0	2.0
9766.0	256141.0	917.0	8.65585	0.585481	1.0	2.0
9766.0	256141.0	918.0	8.67375	0.584593	1.0	2.0
9766.0	256141.0	1183.0	8.25986	1.40344	1.0	2.0
9503.0	85066.0	563.0	4.06054	2.22307	1.0	2.0
9503.0	85066.0	664.0	4.22134	2.96613	1.0	2.0
9503.0	85066.0	1165.0	4.61149	2.52593	2.0	2.0
9729.0	370346.0	813.0	7.47856	20.913	1.0	2.0
9729.0	370346.0	1146.0	7.39368	20.5598	1.0	2.0
9729.0	370346.0	1330.0	8.06999	21.1745	2.0	2.0
9306.0	490786.0	365.0	14.0928	22.4364	1.0	2.0
9306.0	490786.0	386.0	14.5231	20.8999	1.0	2.0
9306.0	490786.0	864.0	15.7502	21.6451	1.0	2.0
9306.0	490786.0	884.0	15.954	22.0778	1.0	2.0
9496.0	376358.0	229.0	18.9592	20.4743	1.0	2.0
9496.0	376358.0	251.0	19.6858	21.3935	1.0	2.0
9496.0	376358.0	276.0	19.6681	18.6377	1.0	2.0
9496.0	376358.0	910.0	19.4046	18.851	1.0	2.0
9786.0	82267.0	952.0	15.8444	18.7416	1.0	2.0
9786.0	82267.0	1118.0	15.5951	18.9502	1.0	2.0
9786.0	82267.0	1282.0	16.4318	18.5579	1.0	2.0
9756.0	14765.0	238.0	20.3972	19.7368	1.0	2.0
9756.0	14765.0	894.0	19.7805	19.3007	1.0	2.0
9756.0	14765.0	1364.0	19.3707	18.9328	1.0	2.0
9767.0	66210.0	487.0	15.1662	18.6633	1.0	2.0
9767.0	66210.0	952.0	15.8444	18.7416	1.0	2.0
9767.0	66210.0	1118.0	15.5951	18.9502	1.0	2.0
9035.0	188072.0	394.0	12.8359	10.2237	1.0	2.0
9035.0	188072.0	519.0	13.3836	11.0003	1.0	2.0
9035.0	188072.0	833.0	12.7894	11.1068	1.0	2.0
9648.0	148566.0	123.0	17.5892	23.708	1.0	2.0
9648.0	148566.0	1040.0	17.7264	23.9382	1.0	2.0
9648.0	148566.0	1206.0	17.7986	23.7059	1.0	2.0
9738.0	288302.0	123.0	17.5892	23.708	1.0	2.0
9738.0	288302.0	1040.0	17.7264	23.9382	1.0	2.0
9736.0	103703.0	893.0	8.09114	23.0077	1.0	2.0
9736.0	103703.0	929.0	7.63278	22.4927	1.0	2.0
9769.0	184248.0	721.0	5.84476	6.36632	1.0	2.0
9769.0	184248.0	1242.0	5.74446	5.41537	1.0	2.0
9770.0	148025.0	535.0	1.61281	8.13484	1.0	2.0
9770.0	148025.0	1218.0	1.12585	8.44404	1.0	2.0
9783.0	381144.0	858.0	14.4587	11.5118	1.0	2.0
9783.0	381144.0	1313.0	15.0562	11.6209	1.0	2.0
9781.0	72593.0	847.0	1.27303	7.72383	1.0	2.0
9781.0	72593.0	1202.0	1.57115	7.39974	1.0	2.0
9763.0	269207.0	666.0	21.1505	14.311	1.0	2.0
9763.0	269207.0	1346.0	20.7705	14.3746	1.0	2.0
9758.0	412128.0	264.0	8.14613	6.24578	1.0	2.0
9758.0	412128.0	679.0	7.93543	6.10613	1.0	2.0
9776.0	229967.0	664.0	4.22134	2.96613	1.0	2.0
9776.0	229967.0	774.0	4.5669	3.2286	1.0	2.0
9723.0	125771.0	132.0	13.986	14.7882	1.0	2.0
9723.0	125771.0	747.0	13.0417	14.7764	1.0	2.0
9732.0	132922.0	220.0	9.7322	1.76574	1.0	2.0
9732.0	132922.0	1352.0	10.1826	2.42815	1.0	2.0
9703.0	421359.0	231.0	18.7037	4.86816	1.0	2.0
9703.0	421359.0	820.0	19.2261	5.0547	1.0	2.0
9706.0	160856.0	166.0	10.2373	3.02648	1.0	2.0
9706.0	160856.0	348.0	10.7615	2.9606	1.0	2.0
9792.0	49294.0	1318.0	6.21272	23.6485	1.0	2.0
9780.0	73667.0	799.0	14.0905	21.5701	1.0	2.0
9779.0	223929.0	731.0	17.5324	10.1899	1.0	2.0
9785.0	179740.0	905.0	23.436	6.87782	1.0	2.0
9788.0	100068.0	989.0	14.7432	11.6927	1.0	2.0
9771.0	372932.0	535.0	1.61281	8.13484	1.0	2.0
9791.0	235242.0	1267.0	3.66725	5.6157	1.0	2.0
9784.0	331491.0	1243.0	2.59198	3.50629	1.0	2.0
9768.0	90487.0	632.0	13.238	3.06291	1.0	2.0
9753.0	137690.0	651.0	1.39539	8.27525	1.0	2.0
9765.0	361452.0	466.0	17.5493	17.0459	1.0	2.0
9731.0	45843.0	70.0	7.55548	16.3904	1.0	2.0
9789.0	411050.0	1045.0	18.086	9.54403	1.0	2.0
9715.0	422854.0	75.0	1.98256	19.6979	1.0	2.0
9697.0	373588.0	396.0	9.33507	2.779	1.0	2.0
9658.0	331516.0	349.0	10.228	5.62389	1.0	2.0
