Ind_ID	PosInd_X	PosInd_Y	MutEffect	Region

7	1.83363	5.21058	-0.736835	1
8	1.60452	6.85414	-0.16157	1
45	2.49747	14.1999	0.724291	1
49	1.24662	1.05062	-0.0269452	1
56	1.58987	20.7826	0.377048	1
60	0.82892	5.9415	0.424466	1
84	1.375	8.72332	-1.23896	1
86	1.60608	8.45912	-0.111769	1
102	0.693544	1.31772	0.232074	1
103	1.78745	2.80973	-0.216875	1
123	2.23671	20.7147	-0.339315	1
138	1.54334	16.977	0.217405	1
139	1.23598	11.0335	-0.11418	1
148	2.38434	16.9995	-0.0650088	1
150	1.23911	19.4715	-0.966566	1
154	0.867009	19.3493	-0.302339	1
187	2.33607	14.8394	0.220176	1
218	2.47053	2.1649	-0.5815	1
227	1.51024	10.3098	-0.352591	1
235	1.10961	7.82078	0.350162	1
238	1.24377	10.8571	-0.459007	1
274	2.15307	1.70465	-0.0281817	1
307	0.849248	8.37765	-0.235264	1
339	1.85753	19.2442	-0.976378	1
350	1.09155	19.9146	0.712677	1
358	2.16645	23.5394	0.123913	1
360	2.12397	17.0292	-0.70712	1
363	2.27466	19.2168	-0.0499168	1
397	0.976684	7.79043	0.496621	1
405	2.16955	23.5215	0.306416	1
409	1.95321	18.112	0.329229	1
410	0.190193	1.61443	-0.0129127	1
411	1.65177	16.6923	-0.645922	1
452	0.268373	1.53612	-0.108518	1
462	0.630115	10.1038	0.856696	1
464	2.25528	2.25937	0.250673	1
472	1.11371	0.809546	0.378261	1
482	1.76824	8.76368	-1.17011	1
489	0.991986	8.47007	-0.631639	1
563	1.48727	17.2857	-0.186691	1
566	1.11548	1.14935	0.413898	1
567	1.88801	2.90939	-0.368574	1
578	0.594089	0.865131	-0.194758	1
592	0.537572	9.83646	-0.392408	1
617	1.82908	14.6185	0.355658	1
621	2.44799	17.7794	-0.239872	1
637	0.607117	2.67528	-0.730876	1
659	0.92719	10.8702	-0.384244	1
703	1.77721	21.8861	-0.239842	1
716	1.65836	17.1933	0.200088	1
717	1.76162	16.7149	-0.952728	1
718	0.96596	0.800825	-0.723125	1
774	0.131191	0.293468	-0.742782	1
787	1.1598	0.544464	-0.0974584	1
795	0.892582	9.66052	0.513192	1
871	0.995699	10.8253	-0.00768108	1
883	2.45038	17.5595	0.150579	1
891	1.83254	20.3136	-0.394386	1
919	1.87624	2.47125	-0.0795586	1
932	0.78784	0.999543	-0.202419	1
933	1.13416	0.367613	-0.909996	1
935	0.916308	8.58512	-0.0546496	1
980	2.3009	2.93179	-0.0949387	1
995	1.85276	2.09055	0.861093	1
996	2.15712	1.77358	-0.201984	1
1001	0.699864	8.62734	-0.128883	1
1002	2.03631	24.1191	0.200074	1
1018	1.43256	14.7891	-0.112489	1
1027	1.75548	16.8946	-0.41864	1
1043	1.9818	1.81565	-0.407667	1
1056	1.47033	1.2991	0.250936	1
1060	2.1634	19.9326	-0.0529012	1
1062	0.964955	7.85722	0.0578228	1
1127	1.58758	23.3972	-0.240024	1
1128	1.50376	8.58562	0.072712	1
1163	1.86821	20.0917	-0.140374	1
1170	1.9862	9.9878	-0.358624	1
1188	0.347097	1.49667	0.922498	1
1	4.66899	10.8074	0.487127	2
9	4.48502	19.8028	-0.190092	2
12	4.11734	23.5742	0.573082	2
14	2.82445	21.4655	0.676414	2
23	3.45969	14.1426	-0.283894	2
29	4.65978	16.301	-0.106765	2
31	2.76265	6.84773	0.614189	2
34	4.43348	8.1452	-0.2056	2
48	4.6968	12.6684	-0.0769594	2
62	4.48146	16.5974	0.327659	2
63	3.34098	12.7738	-0.725129	2
64	3.21044	12.1117	0.497519	2
71	2.77451	23.8319	0.343087	2
78	2.67393	14.7197	-0.598733	2
98	4.91527	22.3311	0.237131	2
107	3.84056	15.8609	-0.296194	2
117	2.99977	2.8848	-0.0206518	2
156	2.56589	18.2543	0.583434	2
174	3.87146	15.6545	0.422145	2
175	3.44777	14.5758	0.43683	2
181	2.81761	3.57669	-0.469057	2
185	2.74492	19.7017	-1.23005	2
189	3.09699	7.94147	0.281447	2
198	3.97141	24.4229	-0.560939	2
199	3.99712	19.1344	-0.0611111	2
211	4.60865	15.7422	0.502664	2
213	2.99966	23.3362	0.353475	2
217	4.67866	13.7338	-0.219904	2
221	3.07674	21.0558	-1.14999	2
225	4.56879	15.093	-0.385287	2
242	2.80583	18.4955	-0.0936118	2
251	4.43953	5.64679	0.0385055	2
260	4.39357	17.2451	-0.504033	2
264	3.51203	0.0524959	0.147688	2
266	4.18909	3.4888	-1.22236	2
271	3.07686	17.4628	0.0251247	2
276	4.1296	14.4953	-0.19603	2
285	2.5188	19.8826	-0.26636	2
321	3.64168	11.7211	0.64011	2
322	2.92735	8.45021	-0.122947	2
348	4.32868	16.9867	0.0287219	2
351	3.57401	2.52837	-0.557971	2
352	2.83077	0.783748	-0.533773	2
361	4.74301	23.289	-0.331355	2
365	4.33371	18.2678	0.800211	2
381	3.22374	17.9746	-1.2888	2
390	3.65225	15.2709	0.119467	2
393	4.71808	17.6438	0.163637	2
404	4.14564	14.2623	-0.401892	2
413	4.66386	19.9308	-0.497549	2
417	3.80594	5.52483	0.0809324	2
434	3.43278	0.315979	0.00252791	2
449	3.94123	12.1258	0.474028	2
451	3.21766	14.5251	0.146331	2
459	3.17745	18.0221	-0.388142	2
463	3.90316	5.94238	-0.435256	2
470	4.65584	20.4765	0.572884	2
481	3.90299	19.3891	-0.148652	2
496	2.68552	16.9922	0.221206	2
501	3.43865	7.82161	0.00985838	2
502	4.62223	1.36587	-0.0149965	2
503	3.84668	3.01985	0.151953	2
524	3.96855	18.1948	-0.735362	2
546	4.76834	16.4497	0.603385	2
558	2.90502	21.453	0.768327	2
579	2.63646	19.1926	0.170432	2
583	2.77443	21.6732	0.471961	2
584	2.87121	21.1392	0.161109	2
591	4.49918	5.86888	-0.0826958	2
602	3.92986	19.4477	0.0973183	2
611	3.78994	24.7137	-0.348387	2
634	3.82478	0.233555	0.417353	2
635	2.7857	19.658	0.401433	2
641	3.81455	11.8989	-0.192995	2
653	3.32061	14.24	0.138032	2
657	3.67259	17.2717	0.00346966	2
662	3.31824	16.5672	0.401809	2
664	4.51308	13.6927	0.662863	2
665	3.75301	24.4329	1.09901	2
677	3.82483	11.7006	0.412702	2
692	2.96678	21.8942	-0.78624	2
705	4.31454	5.47755	-0.0427308	2
706	2.96664	14.7016	-0.548343	2
713	3.06949	23.1619	-1.23082	2
721	2.75472	3.21909	-0.241976	2
727	4.22823	3.91798	-0.450451	2
733	3.8735	7.49904	-0.340095	2
736	2.79608	13.7163	-0.454252	2
748	4.57042	1.11513	0.0304418	2
754	3.52641	12.7416	-0.208911	2
755	4.28424	15.2807	-0.627863	2
760	3.61819	12.63	-0.48169	2
766	2.68518	0.891653	-0.605299	2
786	4.01334	1.42483	0.200843	2
799	3.67069	17.0694	-0.590044	2
804	3.69991	7.82481	0.0305631	2
815	2.8405	21.2079	0.193604	2
818	2.56208	14.61	-0.114087	2
833	4.94913	12.6633	-0.10458	2
837	4.82848	18.0964	0.572552	2
839	4.32331	15.4553	0.00569564	2
842	4.31778	18.6055	0.346774	2
850	4.67526	7.6627	0.425125	2
876	3.62453	5.43425	0.0720426	2
880	3.42337	8.01847	1.13909	2
896	4.1654	13.5977	0.49673	2
900	2.67166	3.27436	0.313721	2
904	4.75287	3.4717	-0.460345	2
907	3.1821	8.40049	0.632642	2
943	3.66648	0.0487615	-0.223379	2
950	2.76404	19.732	0.382485	2
957	4.78358	14.3703	-0.472947	2
977	2.57455	4.79755	0.537316	2
979	4.1207	0.365213	0.974054	2
1000	3.31056	7.95249	0.282348	2
1004	2.50475	14.0836	0.302513	2
1010	3.3643	11.5529	0.497046	2
1015	4.96895	16.6986	0.499787	2
1029	2.73689	16.8622	0.318737	2
1032	4.81329	14.9838	-0.0512662	2
1036	4.32535	4.45268	0.524588	2
1047	3.33333	0.0771679	0.0735794	2
1063	4.90327	10.8466	-0.13355	2
1065	2.69189	20.5464	-0.0898861	2
1069	2.88184	21.4494	0.401351	2
1070	3.72814	18.099	1.14299	2
1073	2.79487	19.7377	-0.51094	2
1084	3.45918	16.228	-1.10244	2
1099	4.54291	16.2946	-0.300013	2
1103	4.26141	13.7198	0.588104	2
1104	4.19472	24.659	-0.333146	2
1116	3.32608	8.54669	-0.350265	2
1144	3.12855	17.7619	0.431991	2
1151	4.46495	16.7477	-0.328128	2
1152	4.69125	17.2222	0.282069	2
1156	4.66751	19.8498	0.205262	2
1166	3.26353	17.0294	-0.36543	2
1169	3.21724	12.644	0.634196	2
1184	3.84531	18.69	-0.0317031	2
1193	3.35685	17.8726	-0.25767	2
1194	3.74223	17.8441	-0.434758	2
1196	4.32116	23.5704	0.252392	2
24	6.51813	0.86733	-0.0474904	3
40	7.03434	16.3745	-0.697095	3
57	7.16753	12.0859	-0.202227	3
81	6.80249	24.4542	0.513752	3
89	5.39693	5.9245	-0.288007	3
105	5.27638	2.96993	-0.805896	3
108	7.17845	3.11177	0.0712842	3
110	6.01038	12.0417	-0.0262446	3
111	6.23871	15.5547	0.25507	3
119	5.06144	24.3575	-0.356633	3
132	5.30473	0.535948	-0.256607	3
152	6.93967	11.964	0.614054	3
153	6.27214	6.33779	0.532051	3
161	6.94001	15.7482	-0.193039	3
164	6.91236	16.4681	-0.171126	3
169	5.23705	6.59323	0.510682	3
177	5.75833	11.074	0.524788	3
178	5.27962	5.48074	0.12144	3
184	6.72588	14.6738	0.22795	3
195	6.96737	22.2248	-0.457211	3
205	7.37839	23.0995	-0.588585	3
206	6.67439	4.50411	0.606883	3
220	5.97556	12.5453	-0.0647784	3
224	5.00333	15.0513	0.654248	3
228	6.17558	24.7139	0.408323	3
237	5.14562	12.6486	0.292843	3
243	7.0526	23.8506	-0.405511	3
246	5.88676	2.63919	-0.18509	3
255	5.45987	16.3773	0.719523	3
258	6.24599	16.1507	0.221855	3
262	5.35705	14.8884	-0.0510201	3
320	7.42473	22.4754	-0.0598262	3
329	7.24021	14.9551	0.674439	3
337	7.30996	17.6241	-0.964847	3
338	6.775	10.909	-0.0350251	3
340	5.28301	23.9971	0.380529	3
385	7.30482	3.89016	-1.04597	3
399	5.6729	15.9423	-0.650136	3
401	7.21312	0.181931	-0.409728	3
403	5.13012	6.92212	-0.933128	3
414	6.91223	12.0218	-0.0421536	3
418	7.41168	0.0392707	0.0430858	3
439	5.7654	21.7965	-0.152247	3
447	7.26424	22.0541	0.0197996	3
450	5.91458	21.4559	-0.357095	3
455	5.42023	7.30478	-0.691455	3
467	7.32195	16.9287	0.577918	3
469	5.4123	3.76597	-0.00568013	3
485	6.15695	13.883	-0.699035	3
504	5.77538	5.64316	-0.735974	3
515	5.12979	24.874	-0.111902	3
520	6.33134	0.809992	-0.15623	3
530	5.93106	12.8525	0.448664	3
532	6.19084	22.6608	0.750887	3
533	5.81153	1.67658	0.17024	3
536	5.9223	6.32947	0.365872	3
539	5.03203	0.86713	-0.56465	3
542	5.9565	4.78121	-0.334713	3
544	6.02472	13.3802	-0.179406	3
561	7.47155	3.45008	-0.156265	3
582	7.07581	16.5533	-0.517523	3
587	6.81684	17.9636	-0.300646	3
595	6.08338	23.8505	0.267796	3
603	6.84296	23.0189	-0.286555	3
610	7.48481	16.2324	0.503543	3
615	5.80894	15.1794	0.468205	3
647	5.32455	10.9847	-0.976354	3
656	6.75163	4.289	-0.370246	3
674	7.28861	11.2892	-0.523339	3
678	5.0766	4.38991	-0.420818	3
680	7.26304	8.26958	-0.0781395	3
681	7.25465	10.6169	-0.00914689	3
682	5.75052	3.0432	0.399637	3
694	5.80067	6.37874	-0.340498	3
696	5.44467	15.7713	-0.229904	3
720	7.08858	21.7527	-0.202151	3
734	7.11423	8.85658	0.329067	3
735	5.07151	5.9949	0.705857	3
753	5.86645	13.4429	0.813415	3
761	5.20215	4.20468	-0.504042	3
785	6.86614	21.1842	-0.925954	3
796	6.483	4.13538	0.428215	3
801	7.15576	2.79651	-0.733885	3
813	7.15157	3.78737	-0.787521	3
819	5.53867	14.9445	-0.616986	3
824	6.59911	10.5182	-0.437377	3
830	5.38262	3.75924	-0.267271	3
860	6.14136	4.31782	0.113838	3
893	5.4141	6.37376	-0.456255	3
906	7.21799	16.5911	0.354312	3
914	6.31844	11.3541	-0.299097	3
942	5.0729	15.0246	-0.945417	3
948	5.65498	7.12735	0.0555366	3
960	6.57329	13.4582	-0.36244	3
965	6.1388	6.40919	0.837448	3
966	6.73371	19.8558	0.0432323	3
967	5.3842	16.7763	0.30864	3
968	5.04097	22.3865	-0.278963	3
969	5.38798	22.4875	0.0275709	3
978	5.9268	12.2602	-0.294129	3
981	5.89763	22.7104	0.716129	3
983	7.08125	13.6461	-0.0153413	3
988	5.94676	15.1804	0.318311	3
998	6.68415	4.35389	-0.456992	3
999	5.51194	7.07943	-0.142401	3
1006	6.19038	5.2965	-0.11745	3
1017	6.92618	11.4066	-0.466928	3
1026	6.39914	9.66098	-0.384126	3
1038	5.2887	7.42749	0.539751	3
1039	5.61616	7.45077	0.318214	3
1051	5.66178	2.66829	1.61163	3
1094	5.64462	4.93755	-0.749785	3
1098	5.88922	16.4757	-0.0517267	3
1105	5.49987	4.77562	0.141889	3
1106	5.12861	4.29606	0.227225	3
1112	7.04799	22.3861	0.251921	3
1121	5.25238	6.64687	-0.209793	3
1122	6.42722	11.9139	-0.794114	3
1123	7.17621	18.01	-0.160167	3
1139	7.3195	3.26654	-0.232193	3
1149	5.99417	11.6616	-0.240957	3
1160	6.77953	10.7468	-0.979643	3
1177	5.92388	24.4247	-0.146728	3
1187	5.07566	1.27902	0.076372	3
5	8.96777	12.5726	0.497648	4
6	9.18012	16.5541	-0.398465	4
19	8.77963	19.3878	0.0112657	4
28	8.42233	1.24935	0.0656495	4
33	9.3231	6.37734	-0.227956	4
44	7.91614	3.88022	-0.211789	4
54	8.41521	14.4571	0.381024	4
75	8.73482	12.6113	-0.446775	4
91	8.63125	10.7262	-0.779716	4
113	9.55917	15.6621	-0.38902	4
115	7.79398	18.5068	-0.530945	4
126	9.53689	6.19245	0.17041	4
129	8.04601	6.64949	-0.353396	4
131	9.59446	4.9388	0.208756	4
135	9.90643	14.1626	0.038028	4
136	9.11878	14.8044	-0.0558006	4
140	7.80324	17.8635	0.759592	4
149	7.95451	6.12388	-1.20627	4
160	9.06893	20.6087	-0.159982	4
162	8.81319	20.2567	0.529036	4
165	8.74432	11.7228	0.362442	4
167	9.62249	0.787049	-0.310723	4
182	7.91211	13.5242	0.240908	4
208	8.82748	8.96986	0.163539	4
210	7.74725	8.44322	-0.570942	4
216	9.86029	12.9215	0.0268455	4
253	7.61953	17.8142	-1.30489	4
269	9.86678	16.7941	-0.139774	4
277	9.95485	19.4014	-0.155879	4
280	8.2429	23.8372	0.0890184	4
281	8.4504	17.437	0.354836	4
286	8.50418	20.7719	0.19328	4
302	7.83588	19.1191	-0.279085	4
313	9.89839	11.0542	-0.0256784	4
331	9.36085	5.26573	-0.240556	4
333	8.1082	15.6975	-0.262936	4
341	7.78229	10.0421	0.0155527	4
346	8.27471	4.55181	-0.0474666	4
347	9.36187	4.18609	1.05545	4
353	7.66822	4.00689	0.339999	4
362	8.62413	10.968	-0.170857	4
367	9.91395	14.1912	0.126761	4
369	9.46084	17.2546	-0.737087	4
396	8.71349	11.7452	-0.0691799	4
398	8.39278	8.88117	-0.332576	4
412	7.96829	10.8086	0.169941	4
419	9.42652	15.9598	0.257098	4
424	8.73425	12.1902	0.47965	4
431	8.83916	23.5732	-0.734458	4
440	9.24551	13.313	0.717803	4
441	9.01242	13.6422	-1.32137	4
446	9.46774	1.10422	-0.28571	4
471	8.46941	15.746	0.905905	4
474	8.35112	12.5663	0.007239	4
477	9.70904	11.2763	-0.780478	4
486	8.59765	3.78566	-0.00879949	4
490	7.93763	10.6274	-0.202889	4
497	8.07495	13.1235	0.445436	4
516	9.96558	9.65849	-0.429918	4
538	8.64949	24.5072	-0.358898	4
545	9.9464	1.99303	-0.227733	4
552	9.61712	16.7309	-0.28237	4
554	9.20215	9.75199	-0.526567	4
555	8.63361	9.37526	0.40959	4
564	8.1452	0.850667	-0.130172	4
597	8.6206	10.4959	-0.438546	4
599	7.56411	10.8053	0.304169	4
600	8.12369	11.5574	-0.471054	4
606	7.8558	9.64626	-0.339244	4
607	8.00978	14.3547	0.300595	4
608	8.42204	15.3205	-0.131221	4
628	8.90709	15.5749	-0.450724	4
629	9.33912	6.92567	-0.390869	4
633	9.88216	23.4385	-0.604716	4
643	9.83639	16.7988	-0.446802	4
644	8.82219	10.9744	-0.599225	4
645	8.99538	10.6844	-0.224804	4
661	8.59347	7.01898	-0.281818	4
669	7.76613	18.1531	0.19893	4
683	9.43043	9.52321	0.387365	4
686	8.86266	13.4551	-0.905701	4
687	7.80087	4.66845	-0.247252	4
690	9.12371	1.1089	-0.364508	4
708	9.08443	6.85458	0.509798	4
719	9.50214	15.488	0.154754	4
724	8.03916	11.6895	0.597224	4
730	7.57649	9.52374	0.416273	4
757	8.28735	24.3602	-0.0139843	4
762	9.70891	9.20934	-0.197021	4
771	9.17903	15.7354	-0.383474	4
773	7.89383	14.5912	-0.525545	4
781	8.20847	15.3454	0.0059278	4
782	7.63947	23.3068	-0.327657	4
808	7.89925	15.1684	-0.568248	4
816	8.97786	15.5129	-0.305147	4
817	9.08772	14.7675	-0.361891	4
820	9.20705	19.9462	-0.246277	4
822	9.66236	23.9498	0.683694	4
823	7.62325	10.5668	-0.696753	4
834	8.19279	4.11488	0.585558	4
836	7.74899	18.541	0.115613	4
838	9.56451	17.0288	0.386622	4
844	7.98008	19.3798	-0.102304	4
855	8.84935	5.89213	0.607577	4
856	9.30976	6.37917	0.0608213	4
859	7.54546	7.92855	-0.33942	4
869	9.83302	14.1532	0.26297	4
886	7.55567	22.4782	0.265014	4
890	7.91341	15.4275	0.396094	4
897	9.81194	23.6756	0.442692	4
899	8.47637	17.6894	-0.599019	4
903	8.49166	24.3184	-0.892258	4
918	8.99479	12.279	0.615226	4
927	9.17006	0.352538	-0.301441	4
938	8.54813	8.88469	0.437869	4
939	9.32548	9.15637	-0.0590627	4
962	9.53096	15.2639	-0.0512819	4
971	9.25117	3.73792	0.298099	4
1007	9.29427	14.5162	-0.683228	4
1023	8.63897	9.07945	0.303004	4
1037	8.5101	12.7014	0.458227	4
1040	8.99647	15.101	0.661823	4
1054	9.08493	9.86091	0.559631	4
1064	9.91058	23.5296	0.652488	4
1072	8.30424	1.1248	-0.460753	4
1080	9.852	14.0997	0.0874224	4
1081	8.37936	15.0245	0.751082	4
1086	8.91232	7.26951	-0.526992	4
1093	9.5797	7.48951	-1.21412	4
1097	8.52615	14.1635	-0.623404	4
1108	8.24954	13.2874	0.228505	4
1109	7.83771	13.7318	0.200695	4
1111	7.69267	22.4075	-0.121195	4
1113	8.29537	9.42071	0.500945	4
1114	9.71292	17.0585	0.403365	4
1115	9.53533	17.3498	0.592216	4
1117	7.74282	15.6717	-0.83042	4
1126	9.45438	7.2836	-0.723844	4
1153	9.19298	18.8947	-0.782182	4
1167	8.86771	6.64688	0.696645	4
1178	9.00063	9.8572	-0.0230263	4
1198	7.68597	9.52909	0.0848581	4
11	10.1827	1.63344	0.720855	5
27	10.059	7.64669	0.131879	5
65	10.581	1.95867	-0.102513	5
67	10.007	23.2096	0.0212632	5
68	10.4506	9.94025	-0.671643	5
88	10.8703	12.2017	0.384366	5
95	10.5928	21.4543	0.373214	5
104	10.9412	23.601	0.0181815	5
106	11.6699	14.4988	-0.240986	5
124	12.2897	3.35133	-0.497991	5
125	11.7597	18.5863	-0.460333	5
127	11.5543	12.6254	0.117794	5
134	12.3549	5.77779	0.535271	5
137	12.1905	13.4316	-0.389741	5
141	10.7072	12.8024	-0.379382	5
144	11.5216	15.8489	-0.0671817	5
151	11.9022	11.1451	1.32241	5
155	11.8556	15.0783	-0.721215	5
157	11.9967	22.4142	-0.117174	5
159	10.5626	19.0098	-0.840897	5
173	10.6283	11.8999	0.418716	5
191	10.4529	23.2405	0.358973	5
193	11.5357	2.16594	-0.0313266	5
200	10.3104	3.72191	-0.199208	5
202	11.694	1.88927	-0.0475028	5
203	10.1118	8.86044	-0.0676611	5
204	11.7009	11.7683	0.50004	5
207	11.0126	17.3873	-0.530291	5
209	11.897	16.9894	-0.384928	5
234	12.0321	15.7802	-0.249575	5
244	11.4579	8.87975	-0.888166	5
245	12.2092	4.32571	-0.291869	5
248	11.1949	2.73296	1.07185	5
257	10.6815	16.6187	-0.0342579	5
259	11.6159	4.90901	-0.729535	5
275	11.1495	23.2874	-0.517308	5
298	10.8926	15.2233	-0.0599262	5
301	10.3616	1.30211	-0.242142	5
305	10.49	11.4024	0.111063	5
306	10.8264	4.08906	-0.513481	5
317	10.4168	22.7498	-0.464929	5
318	10.7584	16.9397	-0.350663	5
327	11.2022	15.5711	-0.00195703	5
332	11.1624	15.2089	-0.276351	5
334	11.346	6.08245	-0.0868679	5
335	11.575	6.22515	0.317496	5
336	12.1156	15.6617	-0.167625	5
355	10.1999	7.19123	0.124229	5
364	11.9831	24.406	-0.313192	5
372	11.8777	15.4152	-0.134034	5
376	12.3396	19.5059	-0.20321	5
377	12.4827	16.8073	0.724734	5
378	11.6638	17.1628	-0.498504	5
402	11.4122	8.88273	-0.0813062	5
407	10.9787	5.12592	0.1714	5
429	11.6187	0.392293	0.265423	5
442	10.0418	7.01968	0.454499	5
448	12.2242	17.2311	-0.178685	5
460	10.9362	9.52734	0.0814271	5
461	11.1502	15.1436	0.330671	5
478	11.8613	20.442	1.21108	5
509	10.9193	23.6053	0.127197	5
514	12.1807	14.1625	-0.0751839	5
528	10.9033	15.8483	-0.367275	5
534	11.4338	21.1908	0.102804	5
543	10.3129	2.13379	0.560943	5
548	10.543	9.74717	-0.589425	5
557	11.6086	17.2772	0.088443	5
559	10.6103	11.5936	0.720845	5
571	10.539	11.4228	-0.253774	5
586	10.5149	22.7046	-0.91883	5
588	10.0199	22.6966	-0.409939	5
590	12.4712	1.63007	-0.371126	5
605	11.1597	7.00606	0.400025	5
612	11.0585	18.0245	-0.246618	5
616	12.1497	24.7138	-0.697984	5
620	12.3218	21.1254	-0.84713	5
630	11.0502	10.5785	0.0872579	5
631	10.7591	19.1	0.65822	5
636	11.5396	2.16242	-0.485481	5
649	10.1432	1.23948	-0.520894	5
673	11.4336	0.483583	-0.281169	5
679	10.1551	11.0696	-0.715375	5
688	11.0328	1.52932	0.966885	5
698	10.6682	22.7079	0.127959	5
700	10.6041	16.5893	0.346688	5
702	11.5056	6.9771	0.639465	5
704	11.9679	2.97864	-0.255599	5
707	10.538	23.8877	-0.181762	5
712	10.1238	1.68197	0.979075	5
714	12.0816	10.1553	0.0212921	5
722	11.7032	20.8213	0.190332	5
723	11.1177	6.2669	-0.204688	5
728	11.9516	14.8869	0.00981597	5
729	11.7648	14.449	0.630039	5
744	11.323	20.289	-0.390524	5
746	11.1016	21.3707	-0.243457	5
764	11.6611	14.493	-0.576174	5
769	11.3763	2.88032	0.0960935	5
780	10.9724	2.93048	-0.284023	5
791	11.2983	8.98485	-0.746751	5
798	10.2188	3.9795	0.309554	5
802	11.1886	16.6615	-0.0955979	5
807	10.1302	0.634542	0.356191	5
811	10.7209	14.5939	-0.327516	5
825	12.1496	12.3527	0.641541	5
829	11.2774	19.2906	-0.702642	5
832	10.7516	6.2522	-0.604092	5
840	10.2646	6.90829	0.58132	5
845	11.1707	5.51951	-0.242156	5
846	11.1138	6.14427	0.314876	5
857	11.2248	15.8631	-0.255162	5
865	10.5135	9.95186	-0.225167	5
877	11.849	21.1718	-0.526693	5
878	11.2211	1.89643	-0.0648529	5
884	10.6987	0.916291	-0.275719	5
885	10.2452	1.0113	0.020273	5
887	11.7958	15.9805	0.0366976	5
898	11.9393	22.5763	-0.209159	5
920	10.8594	20.9366	-0.274671	5
922	12.342	2.91344	0.60619	5
923	10.8331	11.8363	-0.152632	5
925	10.7651	1.53056	-0.327758	5
929	11.1234	5.21441	0.222493	5
934	11.3817	10.594	-0.605781	5
941	11.6956	1.74361	-0.728233	5
954	12.092	17.0515	-0.175135	5
961	12.1023	22.4306	-0.0707305	5
964	11.7127	23.3491	-0.00884171	5
973	10.5544	2.97104	0.321053	5
985	11.348	16.757	-0.413558	5
991	11.5495	0.987109	0.188504	5
1014	10.1031	14.654	0.248172	5
1016	10.3714	12.7459	0.182417	5
1019	10.7813	21.1507	1.2199	5
1020	10.4755	5.85505	0.757527	5
1031	10.9859	15.8017	-0.410506	5
1041	10.1038	11.2446	-1.036	5
1048	10.3047	11.4351	-0.111898	5
1053	12.4809	7.62768	-0.189549	5
1055	11.1926	2.42256	0.812121	5
1059	12.436	3.09199	-0.30681	5
1061	10.016	14.1304	-0.27639	5
1066	12.2957	18.5834	-0.0689328	5
1085	11.3463	15.2163	0.000733574	5
1090	11.3801	23.2678	-0.11154	5
1095	10.6133	7.01307	-0.63149	5
1101	11.6244	14.9919	-0.809779	5
1120	10.2941	14.4109	-0.375568	5
1124	11.4878	12.4523	-0.161961	5
1125	11.7416	12.0836	-0.0552441	5
1129	10.8058	22.7854	-0.078139	5
1131	10.7343	18.5954	-0.867144	5
1155	10.2961	23.1639	-0.209837	5
1162	10.7692	11.1328	0.381507	5
1174	10.4792	12.8681	0.45663	5
1179	11.1093	9.50427	-0.133972	5
1180	12.4881	5.66922	-0.485091	5
2	14.0799	7.92806	-0.114601	6
3	13.3257	15.2958	-0.189241	6
13	13.5941	18.9966	0.151239	6
36	14.3686	5.41447	-0.1998	6
39	13.0682	9.98939	-0.988492	6
41	13.5192	18.3477	-0.359309	6
50	12.5432	7.97592	-0.229294	6
55	13.7587	9.46047	-0.557045	6
73	13.8219	17.2736	0.160061	6
85	12.6233	15.0276	-0.240971	6
94	12.637	13.8265	-0.195339	6
101	13.2734	13.8388	0.0174887	6
109	13.0242	13.0679	0.27233	6
112	14.7658	12.1611	0.305269	6
118	12.7565	11.7791	0.493927	6
145	14.9156	20.3378	0.136243	6
168	14.9174	10.1744	0.643031	6
179	14.4001	6.27152	0.295467	6
194	14.0744	20.9927	-0.0276385	6
215	14.814	4.99935	0.734945	6
219	14.0089	16.2684	-0.00808798	6
249	12.6747	9.19118	0.0967309	6
252	14.2991	9.14996	-0.259869	6
272	14.8067	5.56997	0.382669	6
279	13.5504	19.1534	1.0516	6
283	14.243	7.18585	0.446176	6
284	14.861	4.20981	-1.0808	6
293	13.2003	10.8178	-0.611495	6
294	13.7344	6.35817	0.0136875	6
299	13.8137	9.48904	0.115956	6
304	12.997	10.3283	-0.329197	6
308	14.2661	20.6699	0.0518668	6
309	14.2891	20.2332	0.172177	6
314	13.315	19.5954	0.626253	6
315	13.9528	11.4264	0.270449	6
324	13.2785	6.38693	-0.289454	6
357	13.3117	21.6545	-0.497331	6
374	14.5594	9.84832	1.1093	6
379	13.9966	11.0215	-0.156611	6
392	13.526	11.2547	0.35801	6
428	12.9343	13.1347	-0.266605	6
479	13.1238	22.6881	0.549052	6
487	14.9489	2.96995	0.796176	6
488	14.3529	10.7679	-0.138383	6
494	12.8905	21.3973	0.767116	6
506	12.8236	5.66481	-0.163279	6
513	12.6249	19.2077	-0.9517	6
519	12.8231	3.39153	0.377778	6
527	14.5031	2.5277	-0.081582	6
531	14.5802	3.93308	-0.222927	6
540	14.5226	7.16069	0.849044	6
560	13.5702	13.2816	0.314217	6
569	14.3595	10.1213	0.0294815	6
570	12.9521	18.1863	0.546942	6
572	14.9261	6.51702	0.25792	6
594	12.9862	4.14598	-0.684407	6
619	13.9799	4.2714	-0.19995	6
622	13.7872	10.0075	0.398199	6
626	12.9307	12.3812	-0.0827507	6
627	13.2101	3.62998	0.154836	6
650	14.0331	8.65113	0.216758	6
651	12.555	17.3526	0.604923	6
655	13.0528	13.1663	0.668847	6
666	13.739	9.36128	0.572726	6
676	13.0241	3.80183	0.845014	6
684	14.503	4.77601	0.474872	6
685	14.164	5.04845	0.174689	6
711	13.8124	23.5463	-0.984556	6
731	13.4136	2.38623	0.97347	6
738	13.5532	19.0325	-0.454704	6
749	12.9475	2.7787	0.512873	6
750	12.8233	12.1997	0.222962	6
751	12.8849	12.2389	0.713756	6
752	14.3436	5.68938	-0.560921	6
759	12.6086	22.6616	-0.373739	6
763	13.9321	4.33966	-0.562665	6
810	13.2377	19.2644	0.122798	6
841	13.9964	20.7338	0.0307482	6
861	13.1833	19.5489	-0.434248	6
864	14.0512	4.12185	0.314221	6
868	14.5013	9.83597	-0.594617	6
872	12.646	9.49507	-0.309768	6
873	12.7104	12.418	-0.738509	6
879	14.5786	2.91683	-0.183857	6
881	13.6798	15.2016	0.134503	6
913	13.561	23.9944	-0.240717	6
915	14.0157	16.0869	-0.258534	6
970	12.6727	18.9605	0.210074	6
982	12.9364	10.3481	-0.0832075	6
984	14.992	4.38876	0.434538	6
989	14.0554	11.3133	-0.165641	6
997	14.428	9.89262	0.108971	6
1028	14.7372	20.2865	0.78302	6
1045	12.8928	12.5725	-0.256614	6
1046	14.604	12.1422	-0.403773	6
1049	12.5149	5.02922	0.381878	6
1057	13.6889	13.769	-0.516632	6
1058	12.8805	13.842	-0.5889	6
1074	13.5267	20.1847	-0.708946	6
1075	14.8153	20.2613	0.0653113	6
1083	13.0378	5.81676	-0.0265709	6
1107	12.8736	10.3304	0.463594	6
1133	13.4253	18.0456	-0.741613	6
1134	13.2276	19.3202	0.06717	6
1136	14.4012	5.78602	0.00334154	6
1141	13.2833	20.162	0.102636	6
1142	14.1774	21.0562	-0.378848	6
1146	13.5595	4.88052	-0.01671	6
1150	12.649	13.4908	-0.27879	6
1158	13.8973	8.2957	0.981057	6
1173	13.1516	13.2663	0.819629	6
1191	14.535	3.64609	-0.313278	6
1192	14.1048	10.6121	-0.630719	6
1197	14.2043	3.62934	0.0627841	6
21	15.8981	18.9406	-0.375842	7
25	16.7092	0.969553	0.401631	7
26	15.7674	15.5536	-0.176487	7
30	15.5723	8.85693	0.420726	7
32	17.4817	13.023	-0.851188	7
61	15.229	14.4826	-0.957521	7
70	16.5101	12.6311	-0.144776	7
87	16.0945	10.073	-0.973841	7
96	16.4093	9.74044	-0.327097	7
116	15.195	14.7732	-0.381645	7
121	15.6205	21.9932	-0.255038	7
130	16.1162	2.85125	0.790214	7
158	16.2998	22.7854	0.847032	7
163	15.5129	14.808	0.40447	7
172	15.6269	11.3886	-0.576424	7
226	15.9588	24.347	0.156876	7
233	15.2634	22.6703	-0.683583	7
250	16.465	23.3257	-0.363394	7
261	17.3798	9.43544	-0.308269	7
268	16.6975	12.0387	1.07406	7
278	15.5559	21.2928	0.133213	7
282	16.0676	3.46749	0.154674	7
290	15.746	5.29713	0.731791	7
291	16.8415	17.8768	-0.492823	7
300	15.9476	2.62356	-0.161151	7
303	16.1927	21.1739	0.0727399	7
323	16.813	24.0252	0.429324	7
354	17.4081	18.1595	0.486411	7
359	15.3171	22.2975	0.314868	7
370	15.5522	10.2141	0.214959	7
375	15.8159	7.99163	0.110487	7
383	16.6677	4.15087	1.01384	7
386	16.1464	21.4151	-0.245701	7
391	17.4485	23.7739	-0.180606	7
394	16.6269	10.2024	0.648472	7
395	15.3634	2.34997	0.337675	7
400	16.8844	5.37698	0.301289	7
427	17.4008	22.5339	-0.693806	7
454	17.2174	8.93012	-0.581917	7
456	17.0859	6.04897	0.530467	7
465	15.0321	19.7456	0.406215	7
473	16.6284	10.8825	0.520797	7
475	16.8931	20.6688	-0.093353	7
476	17.2272	19.9421	-0.151615	7
498	16.3689	10.0994	-0.985782	7
500	15.6569	16.1405	0.942128	7
505	16.5299	19.5628	1.0637	7
511	16.4734	11.8204	0.137707	7
573	16.8201	10.6446	0.463319	7
574	17.4725	16.9884	-0.576556	7
623	15.0738	4.79713	-0.775402	7
632	15.5639	19.1881	-0.639738	7
638	16.753	20.995	0.505311	7
639	17.3075	15.5217	0.445705	7
640	15.5557	3.46279	0.838423	7
646	16.4461	20.5107	0.478734	7
654	15.3913	11.7444	0.885457	7
667	17.3445	20.453	0.359545	7
670	15.8325	16.2914	-0.170708	7
689	15.1594	22.9075	0.718852	7
691	17.0394	18.4491	0.352638	7
697	15.5025	8.80182	-0.549421	7
709	15.2095	15.997	-0.122405	7
726	15.0904	12.711	-0.161216	7
737	16.7567	22.9164	-0.754539	7
747	15.404	11.8657	-1.2126	7
756	17.4896	9.04929	-0.547777	7
758	16.8603	5.59489	0.83474	7
765	17.3367	17.074	0.485794	7
772	16.6131	3.758	-0.136637	7
776	17.1765	4.54963	0.455116	7
777	17.4271	4.20736	-0.299563	7
778	17.2269	4.43686	-0.325514	7
792	17.2803	18.6618	0.263661	7
800	15.4012	11.0053	0.77467	7
805	15.5502	18.8659	-0.10548	7
806	15.2809	12.2151	-0.261993	7
849	16.8284	4.35301	1.24927	7
854	16.0392	19.0353	-0.263959	7
858	17.2656	22.4245	-0.246303	7
870	15.2839	22.4288	-0.757088	7
875	16.7756	5.27117	-0.431758	7
889	15.4346	16.6587	-0.132284	7
901	15.1745	15.9873	0.322593	7
911	16.9439	18.6196	-1.05547	7
912	17.4316	18.6037	-0.861442	7
921	15.8155	9.23737	0.386658	7
928	16.3561	24.4473	0.73079	7
945	15.3072	11.9647	-0.262333	7
949	15.6442	7.49857	0.0116618	7
986	15.6027	16.0501	0.30142	7
993	15.0332	11.5426	0.0476105	7
1024	16.2369	3.93837	0.0326702	7
1025	15.55	12.3518	-1.20171	7
1034	15.6974	15.2465	-0.499355	7
1035	16.9127	5.87644	-0.737138	7
1076	15.4954	5.22991	-0.389375	7
1110	16.3964	21.3254	-0.309477	7
1118	15.1307	16.4489	0.489721	7
1119	16.3605	17.9633	0.0846012	7
1130	16.3788	20.8842	-0.765609	7
1137	15.8347	15.1329	0.0825891	7
1143	15.6639	8.79324	0.829977	7
1147	16.7655	11.6269	0.11746	7
1148	17.1319	18.7764	0.0382619	7
1157	16.2069	10.1483	0.542527	7
1168	17.3861	9.54736	-0.694432	7
1195	15.3148	14.8339	-1.0026	7
15	19.3218	9.39927	-0.906234	8
17	19.9245	0.998005	0.823758	8
20	19.2365	16.4577	-0.783434	8
37	17.6656	22.561	-0.489852	8
52	18.8572	21.7239	0.10509	8
69	17.7351	10.7892	0.553163	8
74	18.6004	19.1398	-0.0081853	8
76	17.7186	9.5551	-0.218779	8
79	18.1165	0.198293	0.784054	8
99	18.6635	0.620156	0.359591	8
114	19.7204	21.0618	-0.189806	8
142	18.632	23.2519	-0.601424	8
143	19.3837	22.485	-0.245672	8
146	19.1984	12.8664	0.866159	8
166	19.4031	7.03787	0.476766	8
180	19.0751	18.8799	0.576251	8
197	19.2047	0.869329	-0.541578	8
222	19.407	13.8274	-0.698202	8
229	18.0862	9.91143	-0.990925	8
232	19.5156	12.1998	-0.0609013	8
239	18.8679	14.6105	0.391853	8
240	19.1734	14.4833	-0.114874	8
241	18.1234	21.5564	-0.142269	8
254	19.7461	19.9556	0.0901696	8
263	18.3955	1.42522	-0.32869	8
265	17.506	20.6191	-0.031257	8
267	17.517	23.4057	0.0670867	8
297	19.2139	21.1281	-0.262575	8
311	19.3685	8.21533	0.306498	8
316	18.1422	13.2732	0.0215966	8
328	18.9204	15.8723	0.844104	8
342	18.9859	9.33367	0.445006	8
356	18.7972	11.3365	-0.0718809	8
368	18.4016	2.57967	0.0542906	8
408	19.3258	13.4802	0.83893	8
420	19.5765	18.4111	-0.638941	8
421	19.2015	18.0689	-0.199723	8
430	18.633	20.7719	-0.19816	8
433	19.3806	23.1735	-0.322504	8
457	18.4643	5.42574	0.825076	8
480	17.581	15.6664	0.090113	8
483	19.7364	12.3599	-0.368869	8
491	18.3476	19.4492	-0.193199	8
492	19.7839	7.2338	0.165404	8
493	19.0332	9.42187	0.408288	8
495	18.1732	20.0604	-1.15323	8
508	17.7641	18.1296	-0.248303	8
512	19.5341	2.50099	-0.136972	8
518	18.3296	22.2174	-0.219179	8
547	19.4688	2.85724	0.414602	8
550	19.4262	23.2095	0.354818	8
551	18.5601	15.8186	-0.0332117	8
556	18.8493	11.9017	0.0450357	8
562	17.997	20.4385	-0.741501	8
576	19.3187	16.275	-0.277305	8
585	18.8629	1.03814	-0.657496	8
596	18.7875	5.03345	0.356453	8
601	18.664	11.3734	0.601205	8
613	19.007	23.8992	-0.0486094	8
658	19.833	11.8422	0.0878118	8
693	19.0257	13.5128	0.889517	8
710	18.474	0.368056	-0.276694	8
715	19.8434	18.0288	-0.274591	8
725	19.5591	12.394	0.389547	8
732	19.082	12.1033	0.42188	8
739	19.3818	19.5958	-0.335008	8
742	19.7603	0.5806	-0.563701	8
743	19.0628	17.8743	0.24647	8
767	18.717	18.8694	-0.46287	8
768	18.5062	18.8886	0.190806	8
783	17.7778	12.6626	0.764447	8
784	18.5498	12.7422	-0.380984	8
788	19.6281	15.8075	-0.464683	8
794	19.7325	18.4759	0.621526	8
812	19.7877	20.717	-0.867362	8
847	19.724	17.4055	-0.443044	8
851	19.2811	2.50108	-0.940333	8
862	17.845	9.84627	0.220587	8
863	18.395	9.42937	0.347187	8
866	17.997	19.4554	0.859256	8
892	19.6329	23.2566	0.0824465	8
908	19.4101	19.51	0.433776	8
930	19.4347	18.347	0.304931	8
931	19.6348	18.4583	0.455322	8
937	19.8901	2.17768	0.144083	8
940	17.5295	13.4464	-0.364503	8
953	19.5914	23.0018	0.238065	8
958	19.3078	20.2085	-0.0831617	8
959	19.4636	19.5994	-0.0723974	8
992	19.8322	7.85567	-0.403078	8
1003	18.7383	21.7944	-0.389947	8
1011	18.6203	11.9749	0.0337959	8
1012	18.8695	11.5869	-0.731577	8
1013	18.6819	12.3763	-0.00192831	8
1030	18.0116	21.431	-0.129409	8
1042	19.854	17.4343	-0.243579	8
1044	19.6303	20.5189	0.239031	8
1067	18.6942	0.598924	-0.859423	8
1071	18.4165	13.3906	-0.0947031	8
1077	19.6374	20.6357	0.605839	8
1078	19.6832	20.2173	0.646143	8
1087	18.6373	11.4668	0.664833	8
1092	17.8954	7.03228	0.0093646	8
1102	17.7393	15.9223	0.365709	8
1132	19.5453	9.10341	-0.411235	8
1145	18.9926	20.2528	-0.153641	8
1159	17.9412	2.35136	-0.00931326	8
1161	19.8325	22.4357	0.189815	8
1171	17.6211	18.1256	-0.0426696	8
1181	18.0753	15.7157	-0.0627091	8
1182	17.9929	15.535	-0.222775	8
1189	19.7989	0.518082	0.732189	8
4	22.1607	24.0933	-0.102214	9
18	20.0031	17.1577	0.691896	9
22	20.0608	22.9061	-0.495439	9
35	20.6194	2.23861	0.553465	9
38	21.9467	11.546	0.107489	9
43	20.1121	20.8186	-0.555459	9
58	21.9081	6.98029	-0.542884	9
59	21.7722	15.1275	-0.683503	9
66	20.7255	23.6689	0.852466	9
80	21.0867	9.63982	0.0158777	9
82	20.8785	15.8209	0.196752	9
83	21.9134	14.3993	-0.0134025	9
90	22.2908	10.7144	-1.18939	9
128	21.7929	22.5685	-0.156552	9
133	20.255	7.1815	-0.382398	9
147	21.2106	7.62784	0.401783	9
170	20.3413	2.76532	0.127273	9
171	22.4889	3.46404	-0.159758	9
176	21.8164	9.3318	-0.404383	9
192	20.4117	8.19875	-0.34386	9
201	20.336	10.9742	-0.272648	9
212	21.0001	8.3127	0.786148	9
223	20.829	22.4253	0.190084	9
230	21.4278	15.407	0.1374	9
231	20.9949	21.5351	0.36372	9
236	21.2729	14.3875	0.833746	9
270	20.2063	18.6704	0.956177	9
273	20.9216	0.727495	-0.0216436	9
288	21.2962	15.7778	-0.616061	9
295	21.1905	1.32034	-0.0403933	9
296	21.6248	1.36183	-0.0302142	9
312	21.8991	9.44624	-0.1373	9
319	22.486	10.7171	0.816442	9
344	20.6942	9.82169	0.176767	9
345	20.4469	9.53464	-0.0503957	9
349	22.0776	1.0682	-0.10233	9
371	22.237	7.58051	0.0456276	9
373	21.5803	14.9065	0.38942	9
387	20.7412	21.5871	0.143482	9
389	20.3072	1.25131	-0.194775	9
406	21.5196	10.8066	0.00391238	9
416	21.189	19.6798	0.379392	9
423	20.1843	23.197	-0.530229	9
425	20.4412	19.6433	-0.373367	9
426	21.3952	8.79855	0.345366	9
432	21.0778	20.5349	0.90702	9
435	21.4865	13.7691	0.422889	9
436	21.0982	14.0565	0.367951	9
437	22.4297	22.4305	-0.132048	9
443	20.3359	22.2295	0.31573	9
444	20.1668	19.9446	-0.794659	9
466	21.5489	12.699	-0.264415	9
484	21.1336	16.071	-1.26971	9
517	21.0242	10.1519	0.0735114	9
521	20.0677	10.7431	-0.451049	9
522	22.3477	2.40268	-0.0110148	9
526	20.3093	0.473916	0.12018	9
529	20.373	11.5467	-0.0305629	9
537	22.3548	2.58768	-0.0383926	9
549	20.8375	2.96646	0.391466	9
553	22.3568	20.7388	0.523013	9
568	21.7318	9.51656	0.160638	9
575	21.9611	11.9642	-0.817839	9
577	22.4424	22.4196	-0.0328893	9
580	20.0669	20.3951	-0.388723	9
589	20.3087	19.6481	-0.101856	9
604	20.1603	12.9452	0.0698886	9
618	22.1238	6.83663	-0.213076	9
642	21.9845	14.1292	-0.353387	9
660	20.166	2.79805	0.183474	9
663	21.7224	20.438	0.15303	9
668	22.2417	6.287	0.249285	9
672	21.1644	1.32849	0.772863	9
675	20.9976	20.2961	0.105493	9
695	21.1815	10.4966	0.621667	9
699	21.9495	0.48602	-0.741743	9
701	20.4753	8.05634	-0.0404706	9
740	21.0897	8.85502	0.262552	9
741	20.8885	8.43228	0.00501333	9
745	20.8092	12.5433	0.701653	9
779	21.8793	12.1955	-0.507387	9
790	20.913	23.2861	0.44632	9
793	21.3494	12.6404	0.0810707	9
797	20.9114	16.0138	-0.206208	9
803	20.8908	23.3872	0.110348	9
809	20.9928	20.2259	0.284089	9
814	20.6862	12.0407	0.0427399	9
831	21.1366	7.95298	-0.533395	9
835	22.3726	7.02217	0.408702	9
843	21.6196	13.1701	-1.12351	9
852	20.274	19.2054	-0.380969	9
867	20.066	23.3066	-0.518832	9
874	21.1948	7.34222	0.244094	9
894	22.257	13.6039	-0.244448	9
895	22.3019	9.02214	-0.0515393	9
909	20.5628	11.5446	-0.799898	9
916	21.5994	10.6062	0.163093	9
917	21.2711	10.4519	0.258076	9
926	20.465	12.7836	-0.456963	9
936	21.1564	0.600515	0.451688	9
946	21.6967	11.816	0.171828	9
951	20.4768	23.2836	0.568045	9
952	20.7178	23.0936	0.499628	9
963	22.3111	12.6233	0.461972	9
972	21.9996	12.2925	0.0233378	9
976	20.7217	2.26247	0.299186	9
990	20.0222	17.3181	-0.373707	9
1009	20.7215	9.58062	0.313662	9
1021	20.8417	19.7776	-0.0864361	9
1033	20.3859	12.4115	0.0980616	9
1079	20.2596	20.0222	0.200985	9
1089	20.2147	22.6845	-0.280872	9
1096	21.0749	12.2972	0.23656	9
1100	22.3738	5.92706	-0.257586	9
1135	21.7422	10.5875	-0.523969	9
1138	21.891	12.0595	-0.231996	9
1175	22.2682	20.3912	0.0770488	9
1176	21.5519	10.0112	-0.669435	9
1183	21.814	12.4583	-0.354259	9
1185	22.2467	11.433	-1.25411	9
1190	21.4641	7.26206	0.609896	9
10	23.1528	19.3701	-0.423624	10
16	22.6186	11.8147	0.302661	10
42	24.0356	9.65719	-0.663779	10
46	23.1305	2.20582	0.0870869	10
47	23.8891	19.7243	0.252585	10
51	22.5056	16.0623	-0.253066	10
53	23.7075	22.8111	0.387168	10
72	24.3542	15.431	-0.00987507	10
77	23.4281	15.9205	-0.652919	10
92	22.9243	13.8946	-0.387416	10
93	22.5361	20.5558	0.0473295	10
97	23.1398	14.7831	0.948863	10
100	22.8414	13.8738	0.108339	10
120	24.5561	7.4056	0.488717	10
122	23.8538	18.7385	0.0178255	10
183	22.5884	10.8047	-0.433071	10
186	23.5437	15.2615	0.0822103	10
188	22.7793	3.85735	-0.134584	10
190	23.4533	22.9183	-0.262033	10
196	22.5338	16.7704	0.206436	10
214	23.832	20.7518	-0.512906	10
247	24.0333	20.9065	0.376301	10
256	24.5077	7.46714	-0.611685	10
287	23.4128	6.2681	0.503662	10
289	23.0366	20.6255	0.0417491	10
292	23.6956	5.073	0.0154149	10
310	22.8266	18.0103	0.995296	10
325	22.9636	14.6813	-0.164287	10
326	24.4296	20.5687	0.0552822	10
330	23.4759	4.47363	0.0620088	10
343	23.3344	7.21186	0.256681	10
366	23.9493	14.0045	-0.018047	10
380	22.8266	11.3126	-0.625587	10
382	23.7329	19.7535	-0.0209455	10
384	24.1389	11.3372	0.238857	10
388	23.1862	7.99267	0.453913	10
415	22.72	6.18497	0.00738877	10
422	23.4237	11.6139	0.409994	10
438	23.9138	19.0353	-0.235048	10
445	23.0722	18.4373	-0.457138	10
453	23.5069	19.5321	1.37079	10
458	22.8224	7.16197	-0.335562	10
468	23.2976	15.2395	-0.125648	10
499	22.9876	22.7087	-0.718041	10
507	23.9827	16.0632	0.217512	10
510	23.353	20.083	0.706904	10
523	24.7118	8.24316	-0.262575	10
525	23.3005	17.6424	0.481727	10
535	23.1764	11.3918	0.483539	10
541	22.5261	0.798387	-0.0673935	10
565	23.1395	7.2008	0.295804	10
581	22.684	12.0735	-0.446521	10
593	23.3495	10.8359	-0.588564	10
598	23.0036	6.93865	0.290519	10
609	24.5542	7.21636	-0.622453	10
614	24.0815	7.76795	-0.835601	10
624	23.6788	22.959	-0.162405	10
625	23.9402	22.9408	-0.578443	10
648	24.267	20.7598	0.666675	10
652	22.884	2.51621	-0.5383	10
671	23.4363	6.10396	-0.701093	10
770	22.9874	15.1218	-1.21589	10
775	23.2172	11.7085	-0.109916	10
789	23.3332	23.1012	-0.444059	10
821	23.1308	22.391	-0.161709	10
826	23.8117	7.35014	-0.627326	10
827	23.4591	8.07266	0.625422	10
828	23.1766	3.2387	-0.344894	10
848	23.9498	7.89086	0.469586	10
853	23.9131	18.7738	0.114835	10
882	23.3413	6.5931	0.490871	10
888	22.6693	8.28316	0.152684	10
902	23.5882	1.64492	-0.0674687	10
905	24.2252	23.1371	-0.618359	10
910	22.5013	11.6846	-0.626004	10
924	22.5632	11.4811	-0.790088	10
944	22.8261	2.07729	-0.512092	10
947	23.8876	19.1905	-0.776891	10
955	24.5808	15.7275	-0.596864	10
956	23.8419	10.4485	-0.289941	10
974	22.756	8.16979	0.267723	10
975	22.9767	8.54259	0.223973	10
987	23.4998	21.9625	-0.244433	10
994	22.8298	2.27145	0.0340191	10
1005	23.7846	11.6715	-1.05762	10
1008	22.8873	23.0284	0.379379	10
1022	23.2033	11.7011	-0.487854	10
1050	24.3069	5.31508	-0.783113	10
1052	24.4644	11.5047	-0.723803	10
1068	23.0687	11.4088	0.733802	10
1082	23.4365	10.6313	0.635619	10
1088	24.6433	7.77061	0.46892	10
1091	23.5139	19.8599	-0.899812	10
1140	24.2208	10.4238	0.223237	10
1154	22.6068	11.8001	-0.925814	10
1164	22.7867	15.9684	-0.533552	10
1165	23.3433	19.924	0.325395	10
1172	24.2964	9.98958	0.464495	10
1186	22.5522	8.06773	-0.640283	10
