Ind_ID	PosInd_X	PosInd_Y	MutEffect	Region

19	2.53846	10.7794	0.435883	1
21	4.09251	19.2978	0.242804	1
29	4.17618	6.74209	0.239284	1
43	3.55647	5.69031	0.151233	1
45	4.53086	8.99404	-0.712723	1
51	3.84226	24.0243	0.312456	1
54	3.72607	21.4018	-0.522244	1
65	4.95582	0.060415	-0.0495705	1
76	3.99757	4.65411	0.0851564	1
85	2.36125	16.9161	0.254889	1
91	2.25925	18.1207	-0.086337	1
92	2.36698	3.98726	0.133815	1
100	2.11851	22.7596	-0.267767	1
110	3.01615	3.1189	0.195186	1
127	4.47465	22.8192	0.163187	1
129	4.38907	15.6852	0.137469	1
136	3.80905	5.5837	-0.192456	1
138	3.63187	1.64163	0.101859	1
141	1.66024	10.216	-0.0510553	1
148	1.55608	13.0757	-0.474003	1
151	0.761063	17.4547	-0.0493272	1
153	4.9491	12.6959	0.496702	1
165	3.60657	0.818602	1.06557	1
173	2.14719	18.2213	-0.228007	1
174	3.12417	5.90129	-0.0752793	1
180	3.15145	18.1088	0.102521	1
184	1.21177	15.0795	0.288937	1
189	1.47761	7.31984	-0.678972	1
200	0.673383	10.458	-0.160989	1
201	3.9166	3.32694	-0.347229	1
202	2.42266	14.1464	-0.248314	1
204	3.11129	23.4752	0.355288	1
205	2.81359	2.4831	0.40795	1
210	4.4066	8.05414	-0.191515	1
220	2.80942	22.2218	0.4274	1
227	2.65514	5.83366	0.172564	1
228	1.23546	17.1713	-0.0669137	1
230	3.23672	8.06272	0.613938	1
231	2.25787	2.7593	-0.0883736	1
233	2.304	7.84341	-0.0127829	1
236	1.78961	13.0835	0.313441	1
243	3.16931	3.42594	0.750443	1
250	3.73713	23.9496	-0.0236375	1
256	1.80344	18.1168	0.80892	1
258	0.0521	16.7091	-0.385164	1
263	2.19126	17.4923	-0.512704	1
274	0.601116	11.4127	0.0256151	1
293	1.73145	3.92437	0.336464	1
297	3.38102	3.953	-0.17842	1
301	1.87662	6.27461	-0.286499	1
312	3.23222	20.6344	0.0360885	1
313	4.90465	15.0554	-0.155269	1
317	2.24859	21.1404	-0.354395	1
321	3.19002	23.287	-0.215144	1
324	4.67998	9.46405	-0.262668	1
333	4.98648	15.6829	-0.193704	1
336	2.49971	7.75247	0.142261	1
340	4.17879	24.3871	-0.237286	1
351	2.25748	21.6417	0.707659	1
355	2.88745	18.6232	0.36199	1
360	1.99464	19.084	-0.86362	1
361	1.24702	18.2378	0.11073	1
364	1.11178	10.1499	-0.0348368	1
371	2.23882	13.6513	-0.254541	1
378	4.36148	20.7046	-0.411923	1
391	2.33137	3.95407	-0.0949985	1
392	2.09031	6.37011	0.0970937	1
402	2.93415	17.9106	0.361197	1
405	4.99058	20.9352	0.216485	1
408	2.93442	24.2507	-0.867961	1
416	2.06389	22.2025	0.20332	1
418	4.63114	7.26396	0.161762	1
422	0.0908776	15.9499	-0.0744078	1
431	4.98758	18.7591	0.412049	1
436	0.158379	8.22979	-0.672298	1
441	0.85596	10.4872	-0.208301	1
451	3.42324	10.9225	-0.0333567	1
454	1.51659	23.7299	0.188391	1
457	1.64872	7.04545	-0.253239	1
466	4.45912	21.356	0.228849	1
467	2.33695	21.4446	-0.259482	1
488	1.75347	11.9357	0.0749226	1
490	2.00305	3.38529	-0.340485	1
495	4.6279	16.5014	0.128023	1
502	3.77841	19.9228	-0.506666	1
504	0.332187	8.16228	0.527942	1
506	4.29776	5.33495	0.339078	1
511	3.75298	18.7357	-0.242514	1
516	3.37459	24.3688	-0.127664	1
526	4.19433	6.97371	-0.0563445	1
540	1.70695	23.2062	0.246561	1
542	2.99686	12.771	-0.527616	1
559	1.53619	21.6643	0.33989	1
567	3.02346	3.22489	0.868944	1
580	1.1296	13.6674	0.488007	1
581	2.04294	12.4872	0.133627	1
594	2.22707	6.31688	-0.311004	1
595	3.37173	20.3982	0.151817	1
598	3.63881	11.7987	-0.478566	1
599	4.46463	20.6844	-0.120598	1
603	2.30814	12.3863	0.0154392	1
606	3.98767	8.19574	0.0569145	1
610	3.89627	5.93614	-0.0655997	1
611	4.02111	24.9103	-0.114163	1
612	2.70029	14.1914	-0.0481238	1
617	0.0417393	8.25112	0.00970627	1
618	0.300548	8.11283	-0.346686	1
629	3.92099	19.9027	0.0229739	1
635	2.6902	9.58876	0.105054	1
649	4.42226	19.2101	-0.349087	1
651	3.00392	17.0404	0.131073	1
654	3.87145	5.61735	0.477265	1
656	1.94025	19.1234	-0.268169	1
660	1.30072	5.32027	0.123822	1
661	3.65828	24.8786	-0.567046	1
665	4.14539	16.1233	-0.422055	1
666	2.6988	6.11982	0.340248	1
667	1.7863	16.2805	0.247834	1
674	4.21683	21.9524	0.151013	1
675	0.810598	16.1366	-0.381245	1
685	1.45741	22.0335	0.144965	1
686	1.42998	10.8087	-0.212543	1
694	2.01873	2.95516	0.00164888	1
697	2.26668	6.7227	-0.157295	1
719	0.0831768	8.5822	-0.144097	1
721	3.85909	23.9146	0.305436	1
726	3.52057	4.75011	0.433775	1
728	3.04258	21.0334	0.830025	1
734	4.45647	2.32812	-0.0218717	1
751	2.99723	18.6114	-0.00700845	1
762	2.99089	12.655	0.267188	1
763	2.97188	11.0621	-0.181132	1
765	0.328394	7.2598	-0.619296	1
768	4.86351	15.9647	0.0836463	1
769	2.81913	17.4239	-0.0162108	1
771	3.18815	7.41502	1.09933	1
776	4.0822	18.8925	-0.128085	1
791	4.40938	9.58448	-0.392579	1
799	4.46954	19.8054	0.256222	1
800	4.87183	20.478	0.401063	1
804	3.47454	11.0231	-0.0271048	1
806	0.526624	17.2858	-0.868433	1
811	2.03101	19.232	0.515177	1
815	4.28266	7.24558	-0.481818	1
832	1.08668	18.4778	-0.692893	1
840	3.89693	2.28787	0.300281	1
845	1.6087	19.0111	0.527999	1
857	2.19324	8.0152	0.110147	1
867	4.41342	9.28514	0.0948519	1
874	0.570058	8.75204	-0.0394083	1
876	1.39773	4.24262	0.32557	1
885	2.41735	12.7205	0.282098	1
890	3.0912	6.19131	0.501489	1
894	2.70669	6.57043	0.0484793	1
895	3.92878	18.3243	0.199212	1
896	3.34329	19.1	0.362322	1
898	4.30449	24.2013	0.241547	1
907	2.88262	10.7969	0.0920247	1
910	0.724161	16.2268	0.310892	1
924	4.39579	5.25839	0.502077	1
925	4.33639	5.19346	-0.549547	1
930	2.85554	7.64406	0.531974	1
951	4.26001	19.9289	0.257455	1
952	4.63884	20.1264	0.545229	1
957	2.40068	11.9472	-0.102412	1
959	3.43234	13.8335	0.417741	1
972	2.72197	23.1826	0.141183	1
974	1.41738	19.4453	-0.144029	1
987	1.99565	17.4363	0.0715712	1
989	0.951754	9.8977	-0.222789	1
991	2.8627	15.2511	0.0555372	1
995	4.19786	21.5885	0.239225	1
1005	3.79035	1.92467	0.0041206	1
1009	0.641053	8.8337	0.188857	1
1018	2.26679	3.42667	0.205997	1
1024	1.76907	3.28426	0.13858	1
1028	2.92374	7.52924	-0.145973	1
1030	0.933332	10.6019	-0.164503	1
1038	4.86317	19.3156	-0.195478	1
1040	2.6078	18.6407	-0.234566	1
1051	2.49409	10.6426	0.11267	1
1052	2.59317	18.4506	-0.0944216	1
1055	2.82394	12.5834	0.172146	1
1057	2.5603	22.0314	0.0197364	1
1061	4.11435	15.722	-0.88658	1
1063	2.46747	6.30694	0.436037	1
1066	2.75427	17.3215	-0.07478	1
1071	1.16432	10.2178	-0.0245322	1
1074	4.48549	16.2999	0.161406	1
1076	1.38468	14.5868	-0.178274	1
1083	3.31648	11.2013	0.503635	1
1086	4.5725	12.4526	-0.155229	1
1087	4.832	11.9382	-0.367206	1
1099	3.38953	7.90214	-0.211143	1
1114	0.645549	15.5895	0.189871	1
1118	2.97234	15.1898	0.0203594	1
1119	2.42107	6.28084	-0.539215	1
1126	4.94229	21.7579	-0.75804	1
1135	0.858085	10.46	-0.504241	1
1137	2.55956	21.2898	-0.141524	1
1138	2.11799	20.9683	-0.200766	1
1142	4.82064	19.9359	-0.167502	1
1151	4.23537	18.9068	0.257923	1
1158	1.92734	13.8428	-0.912676	1
1159	0.443112	9.85509	-0.072095	1
1160	0.444961	16.9384	-0.592837	1
1163	0.143795	8.33334	0.727494	1
1183	2.37267	22.9649	-0.590794	1
1200	2.17414	7.48007	0.0564604	1
1203	1.74145	18.6204	0.386304	1
1210	0.164161	7.021	-0.00996541	1
1212	2.13979	18.0151	-0.41321	1
1213	1.43955	23.8976	0.685996	1
1216	1.25535	7.61685	-0.426085	1
1224	2.66559	11.5044	-0.35251	1
1225	3.21047	19.1438	-0.806201	1
1237	4.99638	14.9084	-0.152383	1
2	9.37109	23.9964	0.205713	2
6	7.70495	21.9763	0.0591006	2
9	8.52104	8.54493	-0.363328	2
16	6.51579	6.10281	0.45126	2
22	5.83193	22.0047	-0.523016	2
23	5.88297	13.5473	0.557309	2
27	9.27122	11.8204	-0.0435448	2
28	9.22083	9.31071	0.853011	2
33	8.06063	10.9085	0.435817	2
35	5.35456	16.2431	-0.278802	2
36	7.41657	12.949	0.89374	2
49	8.38055	24.3687	-0.0538024	2
50	5.27366	19.2573	0.422863	2
58	7.98385	14.9525	-0.451736	2
60	6.84927	4.63476	-0.0403435	2
71	9.89022	15.0617	0.175666	2
73	5.27581	1.72357	-0.0117998	2
77	8.14363	8.23556	0.434462	2
80	8.75108	11.465	0.214085	2
81	6.54654	2.45839	-0.0891705	2
84	8.32273	4.03164	-0.0160089	2
87	5.68497	7.94835	0.58777	2
88	8.59906	2.44301	0.134462	2
97	5.32283	16.3848	0.243469	2
109	8.27729	4.86819	0.410427	2
114	6.08215	9.18372	-0.335795	2
116	6.08048	13.4845	0.988634	2
119	9.65412	21.3634	0.572425	2
123	7.85751	20.4491	-0.232374	2
131	6.33587	14.8265	-0.352694	2
132	6.28128	21.5913	-0.365023	2
135	5.52008	14.3211	0.328392	2
142	8.45126	9.5869	-0.776153	2
144	9.08603	22.6926	0.210258	2
149	8.93787	10.5225	0.16117	2
155	7.11283	6.16051	0.159058	2
157	7.67245	18.8649	0.910474	2
159	5.34008	13.3827	0.34171	2
163	5.74497	5.75535	0.615842	2
169	9.15942	18.6054	-0.0422273	2
175	5.40147	21.6185	-0.242022	2
178	5.94385	12.7553	-0.0708526	2
183	7.03191	18.4427	-0.564335	2
186	7.15216	7.14648	-0.524966	2
187	6.21835	3.33463	-0.45559	2
192	8.90616	22.0324	0.109417	2
198	8.85036	17.5885	0.0707882	2
199	5.64213	20.2399	-0.14442	2
208	9.2997	3.45498	-0.015925	2
219	8.01368	3.6268	0.21955	2
224	8.77812	19.4394	0.397462	2
246	9.26158	5.82126	0.296419	2
257	5.94687	22.8999	0.220735	2
259	9.64804	5.08393	-0.0824865	2
276	5.02044	3.24986	0.0978316	2
282	9.23371	10.1317	0.0276769	2
285	7.26077	3.14134	-1.3078	2
291	5.32274	15.8325	-0.138717	2
304	7.33495	17.8124	0.701672	2
316	5.07197	19.3981	0.555143	2
319	7.99426	21.481	0.835685	2
329	9.05496	13.952	0.558141	2
335	9.18692	5.35531	-0.19887	2
345	7.4257	17.6159	0.0271506	2
346	6.08148	5.09822	0.379943	2
347	7.95601	3.03004	0.116021	2
349	7.81615	12.3746	0.038995	2
357	9.42988	6.72059	-0.435803	2
358	8.85909	18.9233	0.268168	2
362	7.04018	14.4851	1.01887	2
373	6.03194	5.37778	1.07476	2
374	5.6327	3.34218	-0.240645	2
380	9.95113	8.61422	-0.317706	2
382	9.58918	17.8101	0.826038	2
384	6.55481	16.6074	0.327781	2
401	6.72034	3.03228	-0.427335	2
403	9.20186	13.5364	-0.608386	2
407	5.75909	10.0472	-0.545061	2
411	6.10788	15.2141	-0.103208	2
412	7.0909	7.10675	0.000882102	2
417	5.55655	24.2499	0.0782583	2
420	6.73835	19.3161	-0.0435505	2
432	9.82217	18.2732	-0.972253	2
442	5.76836	23.6048	-0.036777	2
461	5.89356	15.2459	0.205275	2
474	5.75367	5.18118	-0.190515	2
477	6.3047	3.97131	0.485909	2
481	8.63562	9.89201	-0.0832361	2
482	6.45078	3.10906	0.43737	2
483	8.87684	16.2207	-0.108221	2
491	9.63268	23.6916	0.102066	2
493	9.06275	21.4884	-0.256807	2
496	5.72603	9.93058	-0.417042	2
500	7.32035	18.2624	0.766717	2
501	5.14529	20.8322	0.318925	2
503	7.7001	7.07847	-0.144193	2
505	8.56295	23.422	0.111498	2
508	5.78641	2.02836	0.017347	2
514	5.48146	4.51613	-0.06277	2
515	8.97244	7.98188	0.28076	2
519	7.25122	19.7148	0.754297	2
522	5.60056	8.0681	0.994952	2
528	5.4542	3.47631	-0.139432	2
529	5.40607	15.4636	-0.0939837	2
531	7.21075	17.5364	-0.636453	2
532	7.5822	21.4689	-0.056545	2
538	7.71571	4.24682	0.495365	2
543	8.00656	5.12797	0.0321106	2
546	8.36579	3.72762	-0.0785314	2
549	8.72175	2.43016	-0.237962	2
552	8.08339	9.0639	1.33949	2
553	5.80934	15.1001	-0.0103199	2
554	6.11519	23.8387	0.00935225	2
565	8.44928	5.5456	-0.908714	2
568	6.47656	16.4586	-0.170993	2
583	8.68578	13.3209	-0.391809	2
585	7.54813	12.2517	0.665055	2
586	8.54068	12.2091	-0.394384	2
591	8.46783	19.3319	-0.135217	2
596	9.05473	8.87598	-0.775474	2
601	8.38191	11.8712	-0.158126	2
602	7.97423	14.5761	0.313814	2
604	5.07172	15.302	0.1777	2
613	8.0523	8.43883	0.11827	2
614	7.66504	20.1386	0.460906	2
620	5.05348	15.3155	0.173903	2
627	7.67758	10.3385	0.447913	2
633	9.16974	2.45086	0.0426871	2
634	5.14111	19.3904	0.681323	2
647	6.43117	19.3517	0.177225	2
657	7.34755	13.0624	-0.312724	2
662	5.80104	8.71529	0.123386	2
668	5.35675	4.665	-0.31297	2
687	7.22467	3.32028	-0.412843	2
689	7.22102	21.0092	0.374518	2
690	6.83257	23.6641	0.487971	2
692	8.75465	2.41073	0.68015	2
693	9.02469	2.90317	-0.430396	2
695	6.26559	15.0117	-0.669003	2
696	7.37997	9.85243	-0.586967	2
705	6.11181	24.1397	-0.298998	2
711	7.12995	19.7336	0.0833497	2
731	5.67548	6.05161	-0.127518	2
749	8.97206	5.35408	0.733061	2
750	8.28669	18.2735	-0.125544	2
758	5.11683	14.3325	0.97413	2
767	8.77557	7.63772	0.0993071	2
775	5.34043	4.92607	0.224917	2
782	5.78838	13.6257	-0.150346	2
787	6.02077	3.19282	0.453046	2
789	7.64695	17.9757	-0.651515	2
794	6.37928	13.8162	-0.537709	2
795	5.66159	21.8141	-0.958998	2
802	7.94856	21.982	0.614361	2
814	5.29191	20.6491	0.370761	2
821	6.3921	4.38954	-0.322565	2
824	5.01708	14.2666	-0.237489	2
841	5.7411	16.0369	0.0353754	2
844	9.92582	8.1249	0.677414	2
850	7.45913	3.70363	0.185528	2
851	8.48675	3.96379	-0.457882	2
853	5.24671	5.21732	-0.21152	2
856	7.5588	6.98838	0.123439	2
859	7.78698	20.6837	0.0262699	2
860	8.75828	13.781	0.0401978	2
863	7.76664	14.445	-0.0901475	2
872	5.08216	23.2279	0.784073	2
875	9.37082	23.2516	-0.446839	2
879	9.01969	9.82299	-0.682085	2
880	8.56351	3.81134	-0.0323973	2
881	8.6749	3.58681	0.143932	2
893	7.4118	23.7376	0.416504	2
902	9.72751	17.4848	0.343278	2
904	5.28588	13.1006	-1.25917	2
909	6.83498	19.4877	0.523853	2
915	9.93782	22.5568	-0.0693254	2
917	9.96881	4.14518	0.0750654	2
919	7.62834	23.7576	-0.12083	2
922	5.46499	8.56522	0.3314	2
923	5.56979	8.19804	0.0651362	2
932	5.83228	5.84599	-0.400726	2
933	6.01537	3.36602	0.330482	2
944	5.68635	23.1472	-0.352602	2
949	8.90835	5.32515	-0.469836	2
962	7.19351	12.167	-0.711009	2
963	7.62723	18.2527	-0.332508	2
970	5.05847	19.4974	-0.172035	2
971	6.4212	23.9607	-0.235499	2
988	9.51325	22.3691	-0.0780419	2
996	7.6738	19.549	0.34049	2
997	9.35801	10.2314	0.211922	2
1002	8.34353	12.3317	-0.516198	2
1007	7.36316	20.4334	0.0738891	2
1011	7.14948	23.0175	0.0474584	2
1013	9.37886	2.21148	0.0574756	2
1016	9.42469	18.0513	-0.476949	2
1022	6.28782	16.688	0.325953	2
1023	7.57422	7.12634	-0.326855	2
1033	7.13865	6.16095	-0.0476503	2
1037	8.87477	18.6093	0.18143	2
1039	8.6439	3.16477	-0.0523034	2
1041	8.7668	17.5136	0.287399	2
1046	9.84203	11.9125	0.02226	2
1049	9.55001	10.2801	-0.0405026	2
1050	9.25637	10.6394	-0.198293	2
1065	9.94014	21.7445	0.0421852	2
1073	5.07807	13.452	-0.309545	2
1080	7.61712	3.01452	0.0815872	2
1088	5.48069	16.5094	-0.352371	2
1089	5.236	15.6882	-0.128449	2
1092	6.5914	23.5576	0.0614454	2
1093	6.77389	12.6128	-0.338683	2
1096	9.74013	12.4018	-0.545761	2
1097	5.38559	22.1457	0.187146	2
1100	5.42917	8.39476	-0.0131332	2
1106	9.7769	22.4617	-0.598377	2
1115	5.75324	19.4028	0.0300108	2
1117	5.7564	5.76195	0.121995	2
1124	7.64487	17.1625	0.553003	2
1127	7.19121	19.6289	-0.0482191	2
1131	9.07831	14.2831	-0.602113	2
1132	8.75975	19.197	0.158436	2
1133	8.12715	19.3253	0.577505	2
1141	7.6392	18.8362	-0.881996	2
1146	8.49388	19.6026	-0.0334498	2
1150	7.24049	19.4949	0.0359503	2
1175	7.12333	14.0561	-0.0287874	2
1177	5.53835	2.18159	-0.307991	2
1180	8.10133	4.62203	0.125865	2
1181	8.28491	4.67307	0.183997	2
1186	9.79217	21.8865	0.195856	2
1199	9.35392	11.6581	-0.0330164	2
1217	8.98535	21.9048	0.146741	2
1219	7.55317	3.53326	0.5348	2
1228	5.53888	3.37398	-0.244464	2
8	14.3571	6.7354	0.185558	3
10	12.6374	23.0508	0.634063	3
15	11.5237	4.51394	0.677515	3
17	11.864	1.38329	0.205554	3
26	11.6029	21.3985	-0.139136	3
30	14.4586	2.78063	-0.411678	3
32	10.4732	10.7164	0.322178	3
38	11.0661	7.23249	0.31086	3
39	13.5384	14.0567	-0.0462724	3
41	10.7091	3.99615	0.494964	3
44	11.4972	0.843272	-0.1981	3
46	13.6337	15.9083	0.145979	3
55	13.6161	3.5268	-0.125904	3
64	12.3449	3.11834	-0.349416	3
67	11.0301	6.28258	0.107385	3
78	14.7312	8.04096	-0.665759	3
79	11.9976	22.8213	0.333748	3
83	13.8422	4.12332	-0.435573	3
93	11.2273	18.5027	-0.109828	3
94	12.6336	6.69069	0.305298	3
98	13.1718	6.03953	0.485366	3
101	10.9298	13.4702	0.137003	3
102	12.1833	3.94653	-0.283726	3
104	13.5223	9.47101	0.493526	3
106	14.5765	17.2958	-0.449092	3
112	14.0067	1.88914	-0.272051	3
117	12.5629	22.35	0.205708	3
125	14.252	23.098	-1.03364	3
128	11.2449	17.9066	0.151188	3
133	10.0936	8.95436	0.562803	3
137	14.2858	7.71981	0.00788215	3
139	10.019	21.8095	-0.613131	3
158	11.5357	14.3189	-0.42611	3
167	10.0013	2.18796	0.606965	3
170	12.6654	2.78579	-0.175547	3
171	10.1044	10.5739	0.460601	3
176	11.66	18.7484	0.83409	3
181	11.917	17.7663	0.09324	3
185	12.7303	7.93759	-0.12266	3
190	10.1888	12.3781	-0.18691	3
203	10.8638	7.13237	-0.523497	3
206	11.0931	4.89187	-0.291718	3
221	14.9257	19.758	-0.0243506	3
223	14.1076	24.8105	0.100195	3
234	10.1677	12.7394	-0.19189	3
235	13.1276	4.4069	-0.118231	3
239	10.6508	21.1433	0.184235	3
242	14.2791	5.91797	0.191337	3
244	12.4853	4.19405	0.40635	3
247	13.9429	5.89212	0.277681	3
249	11.6113	18.2339	-0.740435	3
254	14.7604	24.1593	-0.388095	3
261	11.0755	5.45562	0.386241	3
264	10.0553	5.1967	0.324296	3
265	12.8662	21.3007	-0.349281	3
266	12.7117	11.9485	-0.191415	3
270	11.5826	16.9474	-0.307543	3
279	10.12	10.2952	-0.244521	3
284	14.1542	10.0707	-0.0918437	3
287	11.2042	10.4292	0.0679548	3
289	10.1683	18.6243	-0.767745	3
290	10.2716	11.8622	0.445339	3
295	12.6377	14.1671	0.070125	3
296	14.7831	23.2747	-0.380708	3
299	14.9931	6.68375	-0.891137	3
300	10.9858	1.00352	-0.0612952	3
303	10.2387	24.6437	0.154831	3
305	14.9018	19.9196	-0.534269	3
310	12.8818	1.66623	0.172437	3
311	14.1817	13.6887	0.420596	3
315	10.8253	12.28	0.398008	3
322	14.3979	16.7453	0.0792984	3
334	10.5421	5.32848	-0.914117	3
337	10.6348	14.5377	0.293211	3
338	11.2849	18.0919	-0.319705	3
341	14.7072	14.956	-0.55579	3
353	10.8493	6.30501	0.482224	3
356	13.6214	23.6474	0.771609	3
359	11.855	20.4775	0.596897	3
363	10.4176	4.73677	-0.36451	3
365	12.1904	22.191	0.0162937	3
377	12.4715	20.6771	-0.4052	3
381	10.2505	21.9424	0.20931	3
383	12.1082	19.2619	0.267257	3
388	14.42	5.43163	-0.129188	3
390	13.103	20.9673	0.519054	3
395	10.6371	15.1819	0.0267509	3
398	12.8743	15.4846	0.0930262	3
399	14.5491	7.94005	-0.103093	3
409	11.5291	1.7131	-0.882536	3
410	14.1413	24.5417	0.622891	3
414	14.9295	17.9226	-0.553607	3
415	12.1971	23.0156	-0.000165892	3
423	12.7172	14.4467	0.073634	3
425	13.5497	9.89458	0.988382	3
428	10.2391	17.3673	0.0235448	3
429	12.2938	14.9204	0.556924	3
434	12.5877	3.92021	-0.192817	3
437	11.3121	11.3193	-0.0734429	3
439	11.2256	14.0654	-0.502559	3
444	13.332	15.8129	-0.420612	3
446	11.3087	10.1293	-0.346449	3
455	12.9818	2.21498	-0.131262	3
456	12.3281	20.1232	0.48133	3
460	14.011	6.35395	0.62228	3
468	13.305	22.5159	-0.142308	3
469	12.8711	6.32717	0.166522	3
473	12.8313	20.5458	-0.794683	3
476	13.9037	20.8551	-0.479461	3
479	13.3462	24.2959	-0.0326042	3
484	10.5929	22.4664	-0.323139	3
489	11.3134	4.47243	0.035918	3
498	14.0826	13.7014	-0.0769931	3
513	14.1573	5.10105	-0.374108	3
517	14.8022	7.94455	0.588013	3
520	11.8468	20.1651	0.759513	3
521	13.0773	1.55846	-0.146598	3
523	11.4095	2.61667	0.410049	3
539	11.5514	22.3444	0.426757	3
555	14.5339	22.9372	-0.102468	3
557	14.528	13.4097	0.314913	3
558	11.2169	20.1543	-0.385852	3
571	10.7587	1.40773	0.166874	3
576	10.0056	24.0624	-0.600915	3
578	13.121	15.2246	0.338299	3
579	13.0868	15.4333	0.224232	3
588	12.7552	23.2964	-0.632358	3
589	13.4035	20.8892	0.0319658	3
590	14.8387	11.88	-0.0319167	3
593	11.8811	6.86467	0.233506	3
600	13.1768	7.07396	0.158083	3
607	10.6787	6.03668	0.165411	3
615	10.8423	4.34325	0.734531	3
616	12.3238	22.6195	0.61465	3
619	14.4218	23.7682	-0.487407	3
621	11.6895	14.0933	0.91334	3
623	13.9851	22.3696	-0.0958886	3
624	10.2268	21.1959	0.0326071	3
628	10.4098	22.0992	0.00413218	3
632	11.838	12.2179	0.189431	3
636	11.5203	2.77066	-1.29322	3
639	10.5446	14.6545	-0.303816	3
640	11.4227	5.38527	-0.099454	3
644	11.3611	4.2609	0.243884	3
645	14.5875	22.0085	0.242737	3
652	11.6199	22.3907	0.243785	3
663	10.8548	1.79167	0.0262062	3
669	14.3797	7.7889	-0.452026	3
670	11.0507	1.30011	-0.0275039	3
677	13.0482	6.72506	0.490032	3
679	11.5989	16.6168	-0.295134	3
681	13.3605	15.9372	0.046703	3
682	13.3458	21.7543	-0.102387	3
688	13.0786	17.956	-0.259088	3
691	14.3067	4.10097	0.734392	3
699	12.4799	11.6018	0.873873	3
700	12.8073	13.4939	0.323251	3
703	11.6959	1.83404	0.377937	3
706	14.8859	8.81391	-0.315017	3
707	10.4978	14.527	0.84797	3
708	10.9391	14.5434	-0.15795	3
714	10.0119	3.89011	0.287065	3
722	12.7151	3.35517	0.307969	3
724	14.9788	2.27449	0.0485383	3
727	12.7669	3.03341	0.200577	3
729	13.4393	23.8168	-0.227293	3
735	12.7947	3.97469	-0.068305	3
737	14.2567	21.2975	0.423117	3
743	12.5982	18.1358	-0.416544	3
748	12.4619	10.5859	0.962696	3
752	11.4718	5.35258	0.367999	3
757	10.3804	5.64837	0.160231	3
759	12.5455	15.0012	0.0371582	3
760	10.528	8.98844	0.72951	3
761	10.3502	9.95743	0.186593	3
772	14.9939	5.47536	0.271366	3
793	13.5848	6.77954	0.0617573	3
796	10.528	24.1538	0.988622	3
797	13.1096	1.5293	0.0289441	3
798	13.2654	1.25105	0.0830702	3
805	10.1374	12.0874	-0.323222	3
810	11.3063	17.3468	-0.582971	3
812	14.6721	20.3644	-0.635244	3
816	13.2704	15.9739	0.323756	3
825	13.8831	20.8197	-0.0462008	3
828	13.7878	20.7545	0.435156	3
830	11.8603	15.1142	-0.0384578	3
831	11.8548	14.3533	0.5784	3
837	13.2418	20.698	0.369592	3
839	14.7814	10.3503	-0.398742	3
846	13.7152	23.9849	-0.36213	3
849	12.9711	5.59974	-0.314591	3
852	14.8925	5.45427	0.11295	3
864	10.4549	13.8159	-0.0742866	3
873	12.5577	11.9074	0.504053	3
882	12.5615	15.5263	-0.126275	3
883	13.1627	21.2201	-0.552428	3
884	13.555	20.4874	0.0381039	3
886	10.4936	10.103	-0.242299	3
887	13.8696	6.66044	-0.566683	3
888	11.5654	3.02956	0.533969	3
889	12.5056	4.30059	-0.192477	3
899	11.7747	19.1604	0.869241	3
905	12.016	15.2871	-1.05055	3
912	14.8324	15.8554	-0.127025	3
913	11.412	17.5993	0.83296	3
918	14.0993	9.80685	-0.721233	3
927	10.4583	12.1946	0.226524	3
937	10.4423	13.9247	0.280801	3
938	10.4648	24.7559	-0.341055	3
941	13.6963	15.3173	-0.478636	3
947	11.822	19.5111	-0.0340981	3
950	12.9532	21.7196	-0.541645	3
958	14.6263	7.96645	0.0568775	3
961	14.0684	17.5052	-0.227667	3
968	10.46	6.42346	0.0521102	3
978	12.7633	17.8344	0.297383	3
981	11.8328	14.4296	-1.00505	3
983	10.5255	22.0049	-0.0373454	3
994	10.9577	20.6889	-0.540576	3
1004	12.1508	19.9682	-0.374914	3
1006	12.6706	3.58559	-0.573011	3
1012	10.0111	2.58515	0.31893	3
1017	13.0063	24.2395	0.326426	3
1019	10.74	9.93257	0.424153	3
1020	10.3303	9.8778	0.531997	3
1021	10.142	10.6521	-0.136857	3
1036	11.9543	14.7506	-0.28007	3
1043	10.4596	9.93072	0.261238	3
1056	13.0682	6.76719	-0.544505	3
1062	13.5172	9.46144	-0.212993	3
1064	10.1038	10.0022	0.0775942	3
1067	12.6431	23.4684	-0.517614	3
1069	13.2179	21.3489	0.138118	3
1075	10.1093	22.2885	-0.0736109	3
1094	11.0656	1.87658	-0.361315	3
1102	12.0572	2.16613	0.235529	3
1104	10.4055	20.8568	-0.0457882	3
1116	13.1082	1.40949	-0.00443537	3
1120	14.8023	1.99464	-0.427244	3
1122	12.2737	22.1959	-0.149093	3
1136	11.0851	1.78947	0.0133052	3
1143	14.929	5.63486	-0.1857	3
1148	11.6755	4.18209	0.290487	3
1152	13.6318	15.8673	0.0659906	3
1153	11.3688	2.56223	-0.256948	3
1154	10.9566	23.0441	0.64344	3
1161	12.0003	20.0776	0.0792905	3
1162	11.6432	15.3532	0.405915	3
1165	11.5536	22.0917	0.164889	3
1169	11.9235	17.5713	0.499087	3
1171	11.2932	3.25737	-0.437226	3
1172	10.1958	13.6593	0.206165	3
1178	13.0588	23.9186	-0.248626	3
1182	14.8086	14.065	-0.0281371	3
1189	13.1344	1.12779	0.340012	3
1205	12.9277	14.2579	0.170002	3
1207	10.5425	14.5299	-0.2037	3
1211	14.4295	8.69142	0.63918	3
1221	10.5779	0.877598	-0.637046	3
1222	11.2243	0.940633	0.065075	3
1223	10.7319	1.03026	0.42509	3
1227	12.6936	4.28128	-0.112959	3
1229	11.5257	16.3375	0.28834	3
1233	11.2638	14.0267	0.694042	3
1234	11.2744	13.6038	0.0718683	3
1235	14.5311	14.0923	0.472416	3
1236	10.3927	14.711	1.10407	3
1	19.9368	16.6668	0.206683	4
4	15.9359	9.07102	0.0213149	4
11	19.5574	10.7568	-0.729063	4
13	17.9353	21.7775	-0.222152	4
14	15.7307	24.1671	0.361528	4
18	18.4474	1.58313	0.652426	4
25	17.8504	1.95417	0.0285546	4
37	15.1589	13.4068	-0.277878	4
42	16.9489	1.57174	0.0280205	4
47	19.1553	19.7657	-0.404667	4
52	18.3765	23.3443	-0.531602	4
53	17.4393	11.4315	0.124504	4
56	16.2977	13.3789	-0.396763	4
57	19.8443	15.6244	1.01381	4
62	16.8267	4.92931	0.200833	4
68	18.8747	12.3999	0.0940333	4
69	18.2348	2.7556	0.0633189	4
74	15.5326	19.8168	-0.662165	4
75	16.0449	6.38686	0.28097	4
82	17.7046	7.74989	-0.463094	4
89	19.5319	8.66097	0.276328	4
90	17.6873	1.36211	-0.036257	4
95	19.302	11.276	0.479179	4
105	15.9882	7.9042	-0.641837	4
107	17.4824	10.8854	-0.368444	4
108	18.9304	16.7457	0.195067	4
111	15.9131	5.4773	-0.13892	4
113	18.6846	5.94094	-0.33321	4
115	15.1914	18.4494	0.129131	4
118	19.8869	8.8249	-0.151797	4
120	19.9063	7.23699	-0.0222372	4
121	16.0083	21.8744	0.212107	4
124	15.9254	14.7367	0.17586	4
126	15.2107	10.3524	-0.246053	4
130	16.3378	0.95278	-0.436841	4
134	15.601	23.3039	-0.709421	4
145	15.7153	0.554399	0.252819	4
147	15.1275	23.5267	-0.368318	4
152	17.8867	10.9225	0.0312797	4
154	17.6771	23.709	-0.169475	4
162	18.0077	20.687	0.374006	4
164	17.2862	12.8981	0.389792	4
177	17.2936	11.9584	0.458114	4
179	15.5226	24.3015	0.525127	4
188	17.9139	13.5051	0.161488	4
191	19.9271	5.09678	0.530657	4
194	17.6447	8.11694	-0.595606	4
209	16.9742	2.27477	0.0907814	4
211	19.9154	17.7172	-0.0225323	4
212	15.9505	10.2612	0.442532	4
215	19.4642	3.01743	-0.0687149	4
218	16.5038	18.7082	-0.0714092	4
225	18.4113	12.9925	0.0136546	4
226	18.2732	7.25221	0.260881	4
229	16.7906	22.3294	-0.371117	4
237	19.6773	14.4331	-0.09445	4
241	17.8147	16.2223	-0.255975	4
262	18.4705	24.595	-0.0748561	4
268	19.6311	5.36835	0.492618	4
271	19.2695	19.748	0.438487	4
273	19.9384	8.31602	0.273452	4
275	17.0854	21.7339	-0.213593	4
277	18.9475	20.8521	-0.405709	4
280	16.5701	16.3811	-0.567091	4
281	18.4338	10.6994	0.136104	4
286	15.2353	18.0505	0.24721	4
288	17.4772	5.66918	-0.337666	4
294	17.1749	20.3177	0.305688	4
302	16.5447	10.5851	-0.243639	4
306	15.7474	11.5945	0.127672	4
308	15.4901	9.24539	0.594584	4
314	17.266	3.45983	0.249761	4
323	16.9543	15.9603	-0.285256	4
327	19.7454	7.83	0.314672	4
328	17.7962	15.1651	0.0506894	4
330	18.1665	11.3508	0.228589	4
342	19.2067	20.9083	0.135531	4
343	15.51	6.12708	0.251037	4
344	18.3515	2.78828	0.517427	4
350	16.369	8.28663	0.657882	4
352	16.6014	21.5049	0.64891	4
354	18.8912	1.53538	0.321337	4
366	15.4528	20.3191	-0.398472	4
367	15.8625	18.3587	0.149695	4
369	15.5095	1.70005	-0.395673	4
372	16.2012	1.43646	-0.233148	4
376	16.2498	8.09282	-0.237564	4
386	18.0278	16.2449	0.0806545	4
397	17.604	20.3644	-0.231337	4
400	19.1611	15.9298	0.937754	4
404	15.8559	17.7271	-0.30154	4
413	16.6345	12.5597	-0.0222746	4
419	19.5593	14.8408	0.0824205	4
421	17.8386	8.25672	0.845332	4
426	16.0432	2.21706	-0.15919	4
433	17.396	2.22175	-0.0106161	4
435	16.4976	21.0947	0.198985	4
438	18.4514	13.0904	-0.399585	4
440	19.7704	1.36518	-0.0468499	4
445	15.2182	17.7583	1.10644	4
447	17.1668	16.6724	0.784758	4
458	17.2823	18.5049	-0.239088	4
459	18.7843	18.0212	0.721087	4
462	15.9143	17.3205	0.401277	4
464	15.1685	18.7355	0.00213249	4
472	19.4119	21.6786	-0.102015	4
475	16.2054	9.03374	0.338804	4
486	16.8351	16.5819	0.0448595	4
487	18.6371	19.4009	-0.392754	4
494	17.4366	15.4491	0.264215	4
509	19.8915	0.408398	-0.21571	4
512	18.2987	7.40051	-0.0836594	4
518	18.8761	16.3733	-0.471578	4
524	17.112	2.82182	-0.153949	4
530	15.0494	9.16727	-0.360348	4
533	16.9543	8.26912	-0.154434	4
536	19.0545	22.7816	0.544178	4
537	16.7372	22.1356	-0.456181	4
548	15.8334	5.22612	-0.137762	4
550	17.89	20.5151	-0.237314	4
556	17.5867	18.1298	0.577539	4
560	15.0454	6.36689	-0.395454	4
566	19.2923	10.2779	-0.135302	4
569	18.2457	14.8237	-0.132997	4
570	17.2523	5.63541	0.102863	4
572	15.5415	7.47525	-0.413329	4
573	17.5476	10.7546	-0.0206827	4
574	18.6329	23.2269	0.585636	4
575	16.3055	15.1851	1.05351	4
577	18.4052	21.908	-0.458864	4
582	16.2944	24.6229	0.500192	4
587	15.0533	5.81456	-0.276492	4
592	15.3164	20.9121	0.343221	4
597	19.1276	16.3327	-0.273242	4
605	19.3264	1.84698	0.389936	4
608	17.7177	12.2788	0.868692	4
609	18.1481	1.90221	-0.0996356	4
622	19.1701	1.93359	-0.0565975	4
625	15.4761	13.1139	0.228719	4
630	18.5332	19.4228	0.277944	4
641	16.1995	22.2615	-0.39659	4
642	19.5835	17.5967	-0.564461	4
643	15.61	9.75834	0.103771	4
646	16.6808	22.2523	-0.386385	4
648	15.2764	4.49063	0.349877	4
650	17.915	6.51669	1.20742	4
653	19.6606	18.612	-0.168091	4
658	19.7428	1.20691	0.713822	4
659	16.1159	2.63287	0.184048	4
664	19.6831	14.1729	0.316853	4
671	15.6429	12.7404	0.599462	4
676	16.8888	5.18584	-0.0224038	4
683	18.0541	23.4776	-0.906405	4
704	15.7712	3.13581	-0.01049	4
709	16.1074	22.3643	-0.359422	4
710	15.6712	23.4308	-0.398832	4
712	17.7784	21.9517	0.151491	4
713	17.4756	22.6156	0.285871	4
716	15.7213	22.8237	-0.0857008	4
720	19.2342	15.5383	-0.0544772	4
723	15.7479	2.4783	-0.316686	4
725	19.5328	1.71092	-0.272592	4
730	15.9571	2.7883	-0.653822	4
736	16.6092	4.24244	0.559742	4
740	18.6202	24.1397	-0.240607	4
744	17.474	13.1616	0.833587	4
754	19.6089	8.54297	-0.29148	4
770	18.9714	21.8637	0.417905	4
774	16.049	22.8535	-0.624924	4
777	16.9593	16.9213	-0.0685955	4
778	15.896	7.83773	-0.330792	4
779	16.2268	18.9806	-0.314104	4
780	15.653	10.7412	-0.417011	4
783	15.8526	12.3141	0.077113	4
784	16.7301	23.9214	0.50658	4
785	17.2788	24.0904	0.20874	4
786	17.5437	1.79131	-0.0496802	4
801	18.1731	24.2255	0.000677884	4
803	17.7707	20.5266	0.189635	4
807	17.4525	4.31349	-1.08566	4
809	16.1792	17.3566	0.0772721	4
813	19.034	11.4356	0.263458	4
817	18.8666	11.3893	0.122007	4
818	18.4134	12.154	0.729578	4
820	16.7738	22.5736	-0.30198	4
822	16.6544	24.8999	0.047288	4
823	16.7568	24.6807	0.389644	4
827	16.1176	11.6943	-0.21786	4
829	17.5292	6.86368	0.384437	4
833	18.5062	23.5471	-0.0165555	4
834	18.4431	21.5862	-0.0842909	4
835	17.6314	22.4163	0.0182808	4
836	15.2393	18.7524	0.0362149	4
842	19.5948	5.15712	0.0855133	4
843	16.342	12.4559	-0.0190342	4
847	18.5475	19.2924	-0.238333	4
848	18.2588	19.2875	0.803618	4
854	16.9325	4.91024	-0.327319	4
855	16.5427	4.90019	-0.0390164	4
858	19.897	18.136	0.187802	4
870	15.5799	11.0002	-0.055022	4
871	19.9509	7.28777	-0.461678	4
891	16.6158	2.34617	-0.270706	4
897	17.4009	3.6384	-0.30221	4
903	18.0941	23.7779	-0.0544083	4
906	17.0263	12.3148	0.011538	4
908	18.9265	11.1579	-0.423637	4
914	16.3884	15.361	0.195566	4
920	16.1913	3.10538	0.198947	4
921	16.5495	16.2657	-0.36785	4
929	15.5625	24.3102	0.257923	4
934	18.2858	15.439	-0.347294	4
935	18.485	14.754	-0.0635445	4
936	17.9697	14.6269	-0.0738187	4
939	17.641	2.15875	-0.544882	4
945	15.2829	6.49754	-0.255477	4
946	15.2156	5.99247	0.383708	4
960	18.127	1.84264	0.444248	4
966	17.395	4.17757	-0.548283	4
967	15.7755	0.933414	-0.0931988	4
973	16.994	18.0148	0.844431	4
975	15.8949	2.80924	0.538822	4
976	19.8203	1.22662	0.0609174	4
982	15.5097	12.525	0.598488	4
984	16.9869	3.38238	0.0146952	4
986	15.9157	23.3752	-0.0598571	4
992	16.0796	3.53961	0.131729	4
998	19.7694	3.2983	0.838132	4
1008	19.5112	7.6364	-0.109212	4
1010	17.7975	21.0859	-0.511954	4
1015	18.5709	20.1805	-0.283437	4
1025	18.0606	7.54062	-0.433452	4
1026	18.281	7.51545	0.482564	4
1027	19.9447	0.0910909	0.173685	4
1032	15.6348	11.4106	-0.08882	4
1034	19.2167	17.5239	0.568809	4
1044	15.8775	6.24346	-0.625006	4
1045	16.0417	7.06785	-0.421626	4
1068	17.404	11.0974	0.264668	4
1070	15.4107	6.16883	0.4834	4
1072	15.5558	21.8663	-0.0650387	4
1078	16.2229	10.1048	-0.0722815	4
1082	15.1014	17.9693	-0.7592	4
1084	18.1694	24.4649	0.579821	4
1101	19.4451	21.1063	0.0838767	4
1105	19.8171	5.23868	-0.143166	4
1107	19.9985	18.3707	-0.0311989	4
1108	15.4844	7.53855	-0.173207	4
1111	17.2972	11.4943	1.08607	4
1112	16.5683	22.1169	0.405894	4
1113	16.8545	11.441	0.586634	4
1125	18.9642	22.253	1.17977	4
1128	17.7018	5.33731	-0.0213538	4
1129	18.5985	2.67353	0.259683	4
1130	18.4345	11.6595	-0.39404	4
1144	16.8765	3.97898	-0.912137	4
1147	17.4426	20.2971	0.0971099	4
1156	18.3844	21.6768	-0.384547	4
1157	16.6173	22.1413	0.0853229	4
1170	18.9488	2.1634	-0.255122	4
1174	18.6496	8.61684	-0.422657	4
1179	18.8199	11.0464	0.400478	4
1185	15.8005	23.9215	0.216479	4
1187	16.8196	18.9759	0.561256	4
1188	18.9085	15.681	0.281366	4
1192	18.179	21.8966	0.637027	4
1193	18.0404	21.2971	-0.319151	4
1194	18.2651	3.72008	-0.195318	4
1197	15.6606	2.39212	0.0443791	4
1198	18.7586	24.4952	0.58214	4
1202	16.9364	23.8021	-0.706487	4
1206	15.1136	5.2459	0.127883	4
1209	19.8558	8.37611	-0.607985	4
1215	15.0401	5.46639	-0.192012	4
1218	18.8572	16.7934	0.15012	4
1220	16.9418	22.6292	0.370075	4
1226	16.3197	16.6185	0.778457	4
1230	17.0981	3.86062	-0.303621	4
3	23.3638	20.0078	0.200543	5
5	23.2392	12.4969	-0.574252	5
7	21.3444	19.6232	0.261625	5
12	21.1511	11.1044	-0.57232	5
20	21.1002	21.5639	0.40974	5
24	21.2543	0.377521	-0.250111	5
31	24.1257	16.5206	0.176758	5
34	22.5621	13.7037	0.303743	5
40	24.0138	12.4657	-0.0365176	5
48	22.632	15.3328	-0.265644	5
59	21.2125	13.3578	0.0225049	5
61	23.2508	10.3187	0.506754	5
63	21.466	24.2606	-0.187719	5
66	21.5124	4.86227	0.489205	5
70	20.7545	18.4219	-1.10024	5
72	21.0613	8.09714	-0.00967925	5
86	23.9756	8.78288	-0.0051637	5
96	22.8679	23.5906	-0.256209	5
99	20.776	0.702643	0.326608	5
103	24.5001	0.304522	-0.295761	5
122	23.0172	16.5073	0.125075	5
140	20.9744	2.05641	0.664741	5
143	21.7163	24.4405	0.156666	5
146	22.5511	6.19191	0.108516	5
150	20.4516	13.8592	-0.0251853	5
156	22.0545	17.8778	0.486241	5
160	21.9985	5.11516	-1.07646	5
161	20.6014	10.0487	0.427994	5
166	23.4872	0.0671232	-0.10198	5
168	20.4929	17.2149	-0.383076	5
172	22.9728	17.1638	0.287122	5
182	24.0099	12.2534	-0.008066	5
193	21.4079	1.44216	-0.0802336	5
195	22.6702	14.7098	-0.00100295	5
196	21.273	24.9868	-0.233411	5
197	22.8837	15.2396	-0.786985	5
207	24.2453	14.3	0.2274	5
213	22.0507	17.7526	0.501969	5
214	23.9838	8.44447	0.511508	5
216	24.6493	1.69913	-0.451875	5
217	20.1783	21.3184	-0.655644	5
222	23.7944	6.02745	-0.139549	5
232	23.8103	5.25582	-0.179445	5
238	20.913	12.7781	0.584689	5
240	23.3805	15.7191	0.0138793	5
245	20.8321	22.2311	-0.441719	5
248	20.8539	2.28172	0.0183083	5
251	22.0557	13.1863	0.431871	5
252	21.9068	0.449646	-0.585469	5
253	24.0344	19.9406	0.932042	5
255	23.0126	17.4577	0.279464	5
260	22.9064	24.8936	-0.271361	5
267	20.6292	13.6394	0.727414	5
269	23.8678	13.9918	-0.76512	5
272	20.2746	9.47679	0.13069	5
278	22.0339	4.76125	0.0819289	5
283	22.2795	7.3639	0.327005	5
292	21.2708	5.76388	0.516794	5
298	20.6084	10.1621	0.765716	5
307	22.8671	6.69059	0.111435	5
309	24.0171	6.33069	-0.261605	5
318	20.5359	2.3484	-0.674188	5
320	21.6887	5.55195	-0.217676	5
325	24.5842	10.1425	-0.132265	5
326	24.9031	9.65527	-0.659623	5
331	20.6354	20.0326	-0.261023	5
332	20.6016	18.9311	-0.411813	5
339	21.5931	8.1244	0.398231	5
348	21.1798	2.45429	-0.322366	5
368	23.6574	1.36281	0.0694243	5
370	21.9068	2.29788	0.230411	5
375	23.2856	2.90517	-0.243867	5
379	23.7454	17.3453	1.0723	5
385	21.886	13.3748	0.0651145	5
387	22.9179	7.55158	0.131272	5
389	21.5187	4.24664	0.121846	5
393	20.1369	22.2861	0.247716	5
394	20.4315	21.0253	-0.191584	5
396	23.3642	17.6879	-0.079289	5
406	21.8761	1.55828	0.250342	5
424	21.9576	12.4552	0.430346	5
427	21.0355	11.7838	-0.358112	5
430	21.2161	22.2806	-0.0435875	5
443	21.0244	20.2528	-0.229751	5
448	22.1896	9.84891	-0.482196	5
449	21.5718	10.4557	-0.148967	5
450	23.1645	7.30571	-0.358561	5
452	23.6944	16.5309	0.378308	5
453	21.5803	9.17754	-0.119339	5
463	23.3099	5.22838	0.490498	5
465	21.54	13.6616	0.0278861	5
470	20.02	2.16244	-0.469308	5
471	23.8055	15.7004	-0.050496	5
478	23.9961	0.29714	0.405625	5
480	24.8071	19.9144	-0.0982828	5
485	23.9055	6.75759	-0.250951	5
492	22.2636	4.47747	-0.326783	5
497	24.4268	15.5287	0.315218	5
499	20.8897	4.18271	0.172656	5
507	23.2823	7.82491	0.344856	5
510	22.4562	12.7838	-0.170773	5
525	24.0886	1.61913	0.179338	5
527	23.0944	23.2752	0.480339	5
534	21.8665	11.6915	-0.0429296	5
535	22.8527	19.9206	-0.712116	5
541	21.5667	9.65373	0.097653	5
544	20.3079	2.49519	0.245834	5
545	20.7359	19.9868	-0.470029	5
547	24.2487	9.21845	-0.438275	5
551	22.2779	1.69523	0.0124927	5
561	21.2117	21.715	-0.383545	5
562	22.8227	3.7017	-0.243273	5
563	23.1518	11.0656	0.160951	5
564	20.1532	9.83509	0.75451	5
584	21.8875	10.5415	-0.299352	5
626	20.1682	7.14234	-0.144734	5
631	24.0933	8.68109	0.0795637	5
637	21.0102	19.5774	0.435658	5
638	23.4942	1.66014	0.191111	5
655	22.7288	20.1217	-0.179521	5
672	21.4705	9.4614	0.0822601	5
673	22.4784	7.42839	-0.142956	5
678	22.7941	23.8948	-0.00827716	5
680	21.7556	2.20616	0.536857	5
684	23.5753	0.520265	0.523424	5
698	22.2138	1.14606	-0.327784	5
701	22.9613	12.4621	0.00964877	5
702	22.304	15.398	0.459725	5
715	21.5748	18.6971	0.32739	5
717	23.2834	7.4367	-0.299093	5
718	23.5334	6.67007	0.0088479	5
732	20.0769	18.1359	-0.19082	5
733	20.9059	18.7644	-0.156136	5
738	20.6586	20.3628	0.172191	5
739	23.9984	12.6155	-0.0160905	5
741	24.7483	13.5505	-0.211631	5
742	23.071	14.6725	-0.375513	5
745	21.906	18.6679	-0.00451121	5
746	21.7076	1.79689	0.522527	5
747	24.3247	8.63851	0.351127	5
753	20.9554	21.5351	0.678403	5
755	20.0146	16.6633	0.081638	5
756	23.3535	17.8095	-0.418314	5
764	20.7974	19.3367	0.154443	5
766	20.3486	22.5835	0.291578	5
773	23.1353	19.8227	-0.166587	5
781	22.0692	24.3056	-0.10274	5
788	22.7337	12.8805	0.306672	5
790	20.0286	1.17925	0.198452	5
792	22.8925	20.0933	0.429034	5
808	20.4689	12.8532	-0.00815276	5
819	23.7487	18.3625	-0.39688	5
826	22.0129	2.54794	0.120822	5
838	23.5458	9.1115	0.285952	5
861	20.0959	12.1646	0.159425	5
862	21.0304	2.63903	-0.353134	5
865	21.3147	8.4009	-0.655304	5
866	20.725	8.41286	0.0374545	5
868	24.1975	19.8671	0.759344	5
869	24.4279	20.3256	0.0870227	5
877	22.7451	20.0625	-0.12063	5
878	20.601	13.899	0.270364	5
892	20.8198	21.7068	0.0584253	5
900	21.2377	19.7297	0.172595	5
901	21.7041	19.2587	0.216421	5
911	20.9208	19.5616	0.350218	5
916	21.2492	13.3774	0.0878141	5
926	23.4212	9.53561	0.0635601	5
928	24.285	8.94057	-0.143231	5
931	21.0218	1.06571	0.330317	5
940	23.2194	5.26165	0.113937	5
942	20.6772	23.865	-0.235541	5
943	21.2091	24.4862	0.289896	5
948	21.4728	18.6066	-0.312501	5
953	23.8025	6.46426	-0.716235	5
954	20.9171	24.8838	0.15063	5
955	21.1253	21.8248	-1.10445	5
956	21.8694	13.352	-0.0307763	5
964	23.0883	16.0003	0.316273	5
965	22.7111	16.7682	0.461721	5
969	24.2387	4.12959	-0.107643	5
977	20.0668	0.401673	0.168404	5
979	22.9607	14.1203	-0.242329	5
980	22.3711	14.3458	0.307279	5
985	21.26	24.1777	-0.0763744	5
990	23.967	1.88371	0.321762	5
993	21.4876	9.46445	0.75969	5
999	22.4227	20.344	0.862434	5
1000	20.1199	2.56546	0.732475	5
1001	24.8429	1.5995	-0.544131	5
1003	22.8051	5.17404	0.776607	5
1014	23.5819	10.0995	0.0812248	5
1029	23.7931	12.5536	-0.0202803	5
1031	21.0112	18.3477	0.170408	5
1035	20.0937	17.6652	-0.0518304	5
1042	21.3381	1.53098	0.714644	5
1047	21.7658	12.7154	-0.257314	5
1048	21.9801	18.328	0.190894	5
1053	22.1927	2.38203	-0.330855	5
1054	21.5873	12.727	-0.731447	5
1058	20.3744	13.1165	0.0475856	5
1059	23.9694	4.13938	-0.130167	5
1060	24.3135	4.2671	0.01087	5
1077	20.8736	19.2042	0.547104	5
1079	21.6936	11.5517	-0.178173	5
1081	22.8755	10.0789	0.469722	5
1085	20.844	13.1438	-0.399205	5
1090	21.3488	13.5692	0.657517	5
1091	23.0826	14.616	-0.432235	5
1095	22.4973	9.61665	-0.249518	5
1098	21.6053	9.90146	0.111061	5
1103	24.1597	19.9617	0.0796288	5
1109	20.6582	9.39547	-0.592792	5
1110	21.6856	9.03301	0.255312	5
1121	22.6848	17.9112	-0.358474	5
1123	23.1449	20.5216	-0.0422586	5
1134	22.4256	5.9176	0.205999	5
1139	23.6376	14.4756	0.202288	5
1140	24.0681	15.1674	0.668798	5
1145	20.426	18.0228	-0.274926	5
1149	22.5197	1.02229	-0.264621	5
1155	21.2501	11.2256	-0.640492	5
1164	20.0862	12.134	-0.412692	5
1166	23.4429	12.9047	0.473232	5
1167	22.4302	14.7235	0.215411	5
1168	20.4123	18.7834	-0.0875339	5
1173	20.8565	23.6272	-0.316706	5
1176	24.9737	19.9136	-0.260661	5
1184	20.405	8.96343	0.342662	5
1190	24.3445	15.6405	-0.069328	5
1191	24.2087	15.9377	-0.639277	5
1195	23.7495	9.21134	0.431401	5
1196	20.3596	20.1966	0.460243	5
1201	23.8607	15.6501	-0.905701	5
1204	24.2274	9.39971	0.35861	5
1208	22.1025	12.7763	-0.0805893	5
1214	21.9728	2.61367	0.243179	5
1231	20.0879	8.75473	-0.0540604	5
1232	22.9163	17.4512	0.140513	5
